52,209642,9,0,0,45,1.0
20,266015,10,0,0,44,-1.0
18,226956,9,0,0,30,-1.0
30,188146,9,5013,0,40,-1.0
49,191681,10,0,0,50,1.0
53,346253,9,0,0,35,-1.0
33,202051,14,0,0,50,-1.0
30,54334,5,0,0,40,-1.0
43,410867,16,0,0,50,1.0
53,95647,5,0,0,50,-1.0
22,102632,9,0,0,41,-1.0
40,118853,13,0,0,60,-1.0
27,428030,13,0,0,50,-1.0
31,99928,14,0,0,50,-1.0
35,138992,14,7298,0,40,1.0
51,259323,13,0,0,50,1.0
20,119156,10,0,0,20,-1.0
41,112763,15,0,0,40,1.0
17,245918,7,0,0,12,-1.0
30,70377,9,0,0,40,-1.0
21,231931,10,0,0,45,-1.0
37,57424,13,0,0,60,-1.0
38,169469,9,0,0,80,-1.0
46,83082,12,0,0,33,-1.0
39,174308,9,0,0,40,-1.0
30,94235,9,0,0,40,-1.0
43,241895,13,0,0,42,-1.0
30,151989,11,0,0,40,-1.0
33,111363,13,0,0,40,1.0
38,95432,9,0,0,40,1.0
22,362589,12,0,0,15,-1.0
57,212448,13,0,0,45,1.0
17,89821,7,0,0,10,-1.0
23,396099,9,0,0,25,-1.0
34,98101,13,7688,0,45,1.0
34,196164,9,0,0,35,-1.0
44,115562,10,0,0,40,-1.0
45,96975,10,0,0,40,-1.0
33,118500,10,0,0,40,-1.0
35,92440,8,0,0,50,1.0
34,243867,7,0,0,40,-1.0
34,240283,9,0,0,40,-1.0
23,81281,10,0,0,40,-1.0
60,245062,9,0,0,40,1.0
35,285020,9,0,0,40,-1.0
30,303990,9,0,0,60,-1.0
27,161155,6,0,0,40,-1.0
38,91039,13,15024,0,60,1.0
46,371373,9,0,0,40,-1.0
30,237903,10,0,0,40,-1.0
35,233327,10,0,0,40,-1.0
43,188436,14,5013,0,45,-1.0
21,197747,10,0,0,24,-1.0
18,156764,7,0,0,40,-1.0
42,137390,9,0,0,40,-1.0
32,239824,13,0,0,40,-1.0
29,182521,9,0,0,40,-1.0
65,109351,5,0,0,24,-1.0
29,34383,11,0,0,55,-1.0
21,160968,10,0,0,40,-1.0
58,158611,9,0,0,50,-1.0
41,195124,14,0,0,35,-1.0
25,202480,12,0,0,45,-1.0
36,110866,13,0,0,50,-1.0
36,70282,10,0,0,40,-1.0
31,223212,9,0,0,40,-1.0
26,181655,11,0,2377,45,-1.0
19,192453,10,0,0,25,-1.0
26,112847,11,0,0,40,-1.0
27,31757,11,0,0,38,-1.0
59,420537,9,0,0,38,1.0
42,169628,10,0,0,38,-1.0
61,36671,9,0,2352,50,-1.0
46,90758,14,0,0,35,1.0
32,231043,9,5178,0,48,1.0
46,177407,9,0,0,50,-1.0
59,142182,9,0,0,40,1.0
38,411797,11,0,0,40,-1.0
19,376540,9,0,0,30,-1.0
33,258498,10,0,0,60,-1.0
48,144397,10,0,0,30,-1.0
40,170108,14,0,0,40,-1.0
47,21906,14,0,0,25,-1.0
35,465507,9,0,0,40,-1.0
44,174675,9,0,0,40,1.0
32,288273,13,0,0,70,-1.0
28,57066,9,0,0,40,-1.0
60,154474,9,0,0,42,-1.0
63,254907,11,0,0,20,-1.0
40,82465,10,2580,0,40,-1.0
50,767403,9,3103,0,40,1.0
38,173208,14,0,0,25,-1.0
48,107373,4,0,0,40,-1.0
19,117201,9,0,0,30,-1.0
56,169133,9,0,0,50,-1.0
34,157886,12,0,0,40,-1.0
36,29984,8,0,0,40,-1.0
49,31339,9,0,0,40,-1.0
30,241259,11,0,0,40,-1.0
29,201954,13,0,0,35,-1.0
31,51259,13,0,0,47,-1.0
41,118212,13,3103,0,40,1.0
34,181934,9,0,0,40,-1.0
41,328447,2,0,0,35,-1.0
30,205733,10,0,0,60,-1.0
24,35633,10,0,0,40,-1.0
33,178506,9,0,0,40,-1.0
50,157043,7,0,0,40,-1.0
58,169982,10,0,0,40,1.0
22,188544,11,0,0,30,-1.0
28,444304,13,0,0,40,-1.0
19,187161,10,0,0,25,-1.0
49,116892,13,0,0,40,-1.0
37,203070,10,0,0,62,-1.0
54,99185,16,15024,0,45,1.0
38,22245,14,0,0,72,1.0
29,236436,9,0,0,40,-1.0
48,397466,10,0,0,60,-1.0
52,202452,9,0,0,43,-1.0
37,136137,10,0,0,40,-1.0
42,158926,12,0,0,40,1.0
63,795830,2,0,0,30,-1.0
22,58222,9,0,0,40,-1.0
29,419721,9,0,0,40,-1.0
45,283037,13,0,0,40,-1.0
41,144928,13,0,0,40,1.0
28,225904,15,0,0,40,-1.0
49,171301,9,0,0,40,-1.0
43,221550,14,0,0,30,-1.0
37,349116,9,0,0,44,-1.0
50,137815,9,0,0,60,1.0
24,241523,9,0,0,45,1.0
48,329778,9,0,0,40,-1.0
53,34368,10,0,0,45,1.0
19,172582,10,0,0,50,-1.0
58,183870,6,0,0,40,-1.0
28,441620,13,0,0,43,-1.0
61,347089,9,0,0,16,-1.0
36,336595,9,0,0,50,1.0
56,311249,9,0,0,38,-1.0
28,216481,13,0,0,40,-1.0
47,34248,9,0,0,38,-1.0
26,183077,11,0,0,40,-1.0
36,105021,10,0,0,55,1.0
46,155489,9,0,0,58,1.0
20,231286,10,0,0,15,-1.0
33,159322,9,0,0,40,-1.0
50,73493,10,0,0,40,-1.0
39,203070,9,0,0,40,-1.0
23,315877,13,0,0,30,-1.0
42,141459,9,0,0,40,-1.0
26,266912,9,0,0,50,1.0
51,71046,10,0,0,45,-1.0
65,207281,10,0,0,16,-1.0
19,176570,7,0,0,60,-1.0
57,236944,9,0,0,40,1.0
50,21095,10,0,0,40,-1.0
36,85272,12,0,0,30,1.0
26,310907,10,0,0,35,-1.0
48,126754,14,15024,0,40,1.0
30,39054,9,0,0,40,-1.0
44,110355,13,0,0,40,1.0
44,43711,12,7688,0,40,1.0
43,39581,9,0,0,45,-1.0
51,415287,9,0,1902,40,1.0
56,187487,9,0,0,48,1.0
31,367314,9,0,0,40,-1.0
38,86551,13,0,0,48,1.0
26,314177,9,0,0,40,-1.0
27,219371,9,0,0,35,-1.0
19,197384,10,0,0,10,-1.0
29,183523,6,0,0,40,-1.0
39,238415,13,0,0,50,1.0
66,142723,3,0,0,40,-1.0
49,188330,9,0,0,40,1.0
51,221532,13,0,0,40,1.0
44,55076,14,0,0,60,-1.0
47,171095,12,0,0,35,1.0
32,171111,13,0,0,37,-1.0
27,508336,13,0,0,48,-1.0
22,235733,9,0,0,45,-1.0
23,119838,13,0,0,50,-1.0
29,149943,10,0,1590,40,-1.0
57,176079,14,0,0,40,-1.0
32,190511,10,0,0,40,1.0
26,122999,14,8614,0,40,1.0
60,197553,10,7688,0,50,1.0
54,138852,10,0,0,45,1.0
37,379522,13,0,0,55,1.0
28,104024,10,0,0,40,-1.0
35,204621,12,0,0,40,-1.0
17,60116,6,0,0,10,-1.0
20,176321,8,0,0,40,-1.0
22,62507,13,0,0,40,-1.0
45,371886,13,0,0,46,-1.0
25,144259,9,0,0,40,-1.0
28,308493,9,0,0,17,-1.0
51,208302,12,0,0,38,1.0
25,304032,9,0,0,36,-1.0
51,175339,13,0,0,47,1.0
21,181761,10,0,0,10,-1.0
20,81853,10,0,0,15,-1.0
28,130620,7,0,0,40,-1.0
61,120933,10,0,0,40,-1.0
44,146659,14,0,1887,35,1.0
32,157287,13,0,0,40,-1.0
44,373050,9,0,0,40,-1.0
34,306982,13,0,0,60,-1.0
33,127215,10,0,0,48,1.0
57,39380,9,0,0,35,-1.0
33,189843,4,0,0,40,-1.0
43,160815,11,0,0,40,-1.0
60,207665,9,0,0,40,1.0
36,184659,10,0,0,52,-1.0
51,204322,11,0,0,40,1.0
44,239539,13,0,0,40,1.0
44,175935,16,0,0,55,1.0
40,209040,13,0,0,40,-1.0
19,242941,10,0,1602,10,-1.0
18,120243,7,0,0,27,-1.0
23,87528,13,0,0,45,-1.0
46,216214,13,0,0,35,1.0
90,52386,10,0,0,35,-1.0
45,246891,13,0,1902,40,1.0
23,243190,10,0,0,20,-1.0
35,199288,7,0,0,90,-1.0
44,198282,14,15024,0,40,1.0
33,176711,13,0,0,40,-1.0
19,172893,10,0,0,30,-1.0
36,241962,13,0,0,40,-1.0
30,78530,9,0,0,65,1.0
25,302465,8,0,1741,40,-1.0
19,55284,9,0,0,35,-1.0
51,41474,6,0,0,40,-1.0
55,59469,5,0,0,25,-1.0
44,210527,10,0,0,40,-1.0
31,151763,14,0,0,25,-1.0
25,345121,6,0,0,25,-1.0
31,122749,11,0,0,20,-1.0
48,80651,9,0,0,55,-1.0
18,230875,7,0,0,40,-1.0
55,145214,9,0,0,40,-1.0
34,345705,9,0,0,45,1.0
42,209392,9,0,0,35,-1.0
47,277545,13,0,0,40,1.0
47,174525,9,3942,0,40,-1.0
34,111985,9,0,0,50,-1.0
24,213427,9,0,0,40,-1.0
47,165937,9,0,0,50,1.0
24,60783,10,0,0,70,1.0
59,100776,11,0,0,40,-1.0
41,306495,9,0,0,40,-1.0
25,63062,10,0,0,60,-1.0
28,203776,6,0,0,50,-1.0
57,348430,2,0,0,40,-1.0
24,161708,9,0,0,45,1.0
31,209276,9,0,0,40,-1.0
74,101590,15,0,0,20,-1.0
24,210781,13,0,0,40,-1.0
40,70645,10,0,0,20,-1.0
61,167670,13,0,0,40,-1.0
22,216563,9,0,0,40,-1.0
27,358636,10,2829,0,70,-1.0
34,92682,9,4865,0,40,-1.0
20,224059,9,0,0,40,-1.0
39,185520,10,8614,0,40,1.0
19,275889,7,0,0,40,-1.0
45,224474,13,4934,0,50,1.0
32,185410,9,0,0,40,-1.0
46,166003,7,0,0,40,-1.0
47,122026,11,0,0,50,-1.0
55,205527,9,0,0,20,-1.0
80,184335,4,0,0,30,-1.0
48,121124,9,0,0,50,1.0
24,306515,9,0,0,40,-1.0
19,116562,9,0,0,40,-1.0
22,238831,10,0,0,40,-1.0
35,26987,9,0,0,40,-1.0
40,174395,9,0,0,60,-1.0
64,258006,10,0,0,40,-1.0
36,209609,13,0,0,38,-1.0
31,169240,9,0,0,40,-1.0
22,130356,10,0,0,48,-1.0
17,400225,7,0,0,20,-1.0
41,344624,10,0,1485,40,1.0
36,246449,10,0,0,60,1.0
37,545483,12,0,0,40,-1.0
54,32778,9,0,0,30,-1.0
30,37646,10,0,0,40,-1.0
25,210278,13,0,0,30,-1.0
29,123983,14,0,0,40,-1.0
31,59083,10,0,1672,50,-1.0
33,262042,9,0,1138,40,-1.0
17,206010,8,0,0,8,-1.0
63,26904,9,0,0,98,-1.0
19,89397,9,0,0,40,-1.0
18,297396,9,0,0,10,-1.0
31,186787,9,0,0,42,-1.0
40,220609,10,0,0,40,-1.0
27,193701,9,0,0,45,-1.0
38,183279,10,0,0,44,1.0
27,85625,10,0,0,20,-1.0
36,187046,9,0,0,40,1.0
53,90624,7,0,0,40,-1.0
61,716416,10,0,0,44,1.0
55,149168,9,0,0,30,-1.0
46,155664,10,0,0,40,-1.0
20,44064,10,0,0,25,-1.0
49,165134,11,0,0,35,-1.0
29,100405,6,0,0,40,-1.0
37,218188,9,0,0,32,-1.0
28,132686,9,0,0,40,1.0
49,36032,10,0,0,40,-1.0
42,187702,15,0,2415,60,1.0
22,52262,10,0,0,40,-1.0
50,125417,15,0,0,52,1.0
21,194723,10,0,0,40,-1.0
25,195118,9,0,0,35,-1.0
28,90196,13,0,0,45,1.0
23,113601,10,0,0,30,-1.0
21,155066,10,0,0,40,-1.0
19,181546,10,0,0,40,-1.0
41,179875,7,0,0,40,-1.0
47,328610,9,0,0,40,-1.0
24,177526,13,0,0,15,-1.0
56,130454,13,0,0,40,1.0
53,110510,9,0,0,50,1.0
53,211654,10,0,0,50,1.0
31,111567,13,0,0,70,1.0
22,334693,10,0,0,40,-1.0
36,208358,15,99999,0,45,1.0
35,191502,13,0,0,60,1.0
40,170230,13,0,0,40,-1.0
39,208778,9,0,0,40,1.0
32,194740,10,0,0,55,-1.0
53,135102,9,0,2002,45,-1.0
47,169324,13,0,0,35,1.0
52,134447,10,0,0,50,-1.0
34,56883,10,0,0,40,-1.0
36,164866,12,0,0,50,-1.0
34,220066,14,0,0,50,-1.0
50,391016,13,0,0,30,-1.0
58,111169,9,0,0,40,-1.0
46,180695,10,0,0,40,-1.0
37,189922,12,0,0,50,1.0
31,83446,9,0,0,40,-1.0
36,252327,3,0,0,40,-1.0
31,196788,9,0,0,40,-1.0
26,245628,7,0,0,20,-1.0
51,138847,13,0,0,40,1.0
18,97963,9,0,0,30,-1.0
61,156542,15,0,0,40,1.0
47,55377,9,0,0,40,-1.0
22,341368,10,0,0,50,-1.0
37,336598,3,0,0,36,-1.0
54,457237,14,0,0,40,-1.0
50,93690,9,0,0,40,1.0
50,44368,9,15024,0,55,1.0
41,50122,11,0,0,50,-1.0
39,257726,10,0,0,40,-1.0
31,203488,13,7298,0,50,1.0
50,170050,4,0,0,40,-1.0
63,183608,6,0,0,40,-1.0
33,323619,10,0,0,40,-1.0
25,112835,14,0,0,40,-1.0
55,276229,9,0,0,38,-1.0
17,263746,6,0,0,24,-1.0
46,189680,10,0,0,50,1.0
21,300812,10,0,0,25,-1.0
36,165799,14,0,0,50,1.0
51,159910,13,10520,0,40,1.0
57,149168,10,0,0,55,-1.0
68,235882,16,0,2377,60,1.0
17,115551,7,0,0,20,-1.0
37,382802,16,0,0,99,1.0
21,180303,13,0,0,25,-1.0
63,106023,9,0,0,40,1.0
23,191444,9,0,0,40,-1.0
23,215616,9,0,0,40,-1.0
17,354201,9,0,0,40,-1.0
53,166386,13,0,0,40,-1.0
40,150528,13,0,0,40,-1.0
20,291979,9,0,0,40,-1.0
70,35494,9,0,0,30,-1.0
36,36425,10,0,0,35,-1.0
23,407684,5,0,0,40,-1.0
53,123429,10,0,0,60,1.0
34,106169,14,0,0,50,-1.0
29,194197,13,0,0,40,-1.0
38,112561,13,0,0,55,1.0
54,175339,9,0,0,50,1.0
28,25864,9,0,0,35,-1.0
18,193741,7,0,0,30,-1.0
56,318450,14,0,0,80,1.0
57,170244,15,0,0,40,-1.0
55,171780,12,0,0,30,-1.0
27,187392,9,0,0,40,-1.0
26,95806,10,3325,0,40,-1.0
28,132870,7,0,0,45,-1.0
29,175262,14,0,0,35,-1.0
62,151369,9,0,0,40,-1.0
28,282398,10,0,0,40,1.0
51,175750,9,0,0,40,-1.0
23,216129,12,0,0,30,-1.0
22,322674,10,0,0,40,-1.0
28,250679,9,0,0,40,-1.0
17,200199,7,0,0,35,-1.0
36,160728,9,0,0,60,-1.0
49,371299,9,0,0,35,-1.0
45,28359,9,0,0,10,-1.0
24,314525,13,0,1741,45,-1.0
42,44121,14,0,1876,40,-1.0
39,153976,10,0,0,52,1.0
67,124470,9,0,0,60,-1.0
49,68505,5,0,0,37,-1.0
30,159442,9,0,0,40,-1.0
28,124905,4,0,0,30,-1.0
28,356555,10,0,0,48,-1.0
29,227890,13,0,0,40,-1.0
27,228472,13,0,0,45,1.0
59,80467,9,0,0,24,-1.0
34,146161,13,0,0,60,1.0
51,146181,5,0,0,40,-1.0
54,306985,10,0,0,40,-1.0
49,87928,9,0,0,40,1.0
24,238917,3,0,0,40,-1.0
41,221947,10,0,1887,50,1.0
30,219838,8,0,0,40,-1.0
46,106705,10,1506,0,50,-1.0
66,107112,4,0,0,30,-1.0
28,152951,9,0,0,40,-1.0
31,226624,5,0,0,60,-1.0
30,98733,10,0,0,20,-1.0
21,452640,9,0,0,40,-1.0
18,152182,10,0,0,25,-1.0
41,66118,10,0,0,25,-1.0
31,73796,10,0,0,30,-1.0
39,113253,13,0,0,50,1.0
68,253866,13,0,0,30,-1.0
36,99270,9,0,0,40,-1.0
58,142158,9,0,0,12,-1.0
45,449354,10,0,0,40,-1.0
64,164204,2,0,0,53,-1.0
41,137142,10,0,0,40,-1.0
42,201785,14,0,0,50,1.0
17,191910,7,0,0,20,-1.0
27,181667,9,5013,0,46,-1.0
31,27494,10,0,0,50,-1.0
40,230478,12,0,0,30,-1.0
68,128472,16,0,0,55,1.0
37,46814,13,0,0,38,-1.0
28,309620,10,0,0,60,-1.0
40,123557,10,0,0,40,-1.0
22,48121,10,0,0,25,-1.0
39,65324,15,0,0,55,1.0
28,191027,12,0,0,40,-1.0
29,107458,13,0,0,50,-1.0
60,146674,6,0,0,40,-1.0
57,148509,13,0,0,35,-1.0
35,225399,9,8614,0,40,1.0
33,264936,9,0,0,40,-1.0
24,403671,10,0,0,40,-1.0
25,210184,7,0,0,40,-1.0
53,79324,9,0,0,40,1.0
30,350979,9,0,0,40,-1.0
46,34377,12,0,0,40,1.0
36,288049,9,0,0,45,-1.0
33,198003,10,7298,0,50,1.0
29,250967,11,0,0,40,-1.0
32,125856,9,0,0,40,-1.0
22,24008,9,0,0,40,-1.0
60,204486,13,0,0,8,1.0
31,340917,9,14344,0,40,1.0
30,53158,12,0,0,40,-1.0
46,263568,9,0,0,40,-1.0
48,34186,9,0,0,70,-1.0
52,188644,3,0,0,40,-1.0
31,345497,6,0,0,40,-1.0
36,67317,9,0,0,40,-1.0
43,159449,10,0,0,40,-1.0
25,74883,13,0,1092,40,-1.0
58,190747,9,0,0,40,-1.0
25,179059,13,0,0,40,-1.0
37,30267,7,0,0,60,1.0
29,206351,6,5013,0,40,-1.0
46,55720,14,0,0,45,1.0
44,101593,14,0,1876,42,-1.0
26,143068,10,2407,0,50,-1.0
48,170142,14,0,0,40,1.0
38,207202,9,0,0,48,1.0
29,77760,9,0,0,45,-1.0
55,151474,13,0,1590,38,-1.0
40,227236,9,0,0,50,-1.0
53,144586,10,0,0,40,-1.0
25,371987,9,0,0,40,-1.0
44,144125,13,0,0,40,-1.0
32,473133,14,0,0,40,1.0
28,142443,9,0,0,40,-1.0
90,52386,10,0,0,35,-1.0
25,200408,12,0,0,40,-1.0
59,243612,9,0,0,40,-1.0
39,124090,5,0,0,40,-1.0
42,255847,9,4386,0,48,1.0
54,278230,10,10520,0,30,1.0
73,180603,9,0,0,8,-1.0
47,190139,14,0,0,40,1.0
27,133937,14,0,0,40,-1.0
58,49884,9,0,0,50,-1.0
41,175149,9,0,0,38,-1.0
49,349633,14,0,0,50,1.0
38,225707,9,0,0,40,1.0
28,33895,13,0,0,45,-1.0
61,73809,10,0,0,40,-1.0
28,94880,10,0,0,43,-1.0
21,349365,10,0,0,15,-1.0
90,141758,5,0,0,40,-1.0
35,319831,10,0,0,60,-1.0
49,268234,4,0,0,40,-1.0
37,227128,3,0,0,40,-1.0
19,165115,9,0,0,40,-1.0
27,175262,13,0,0,40,-1.0
45,37306,13,0,0,45,1.0
58,137547,13,0,0,40,-1.0
47,169092,14,0,0,50,1.0
26,108542,9,0,0,35,-1.0
33,163392,9,0,0,48,1.0
18,206359,6,0,0,40,-1.0
49,145290,3,0,0,40,-1.0
25,120268,13,0,0,70,-1.0
42,254773,13,0,0,50,1.0
26,205428,10,0,0,45,-1.0
23,142547,9,0,0,40,-1.0
22,304710,13,0,0,10,-1.0
25,233777,9,0,0,40,-1.0
32,340940,13,0,0,40,-1.0
57,183810,10,0,0,40,1.0
35,175614,11,0,0,40,1.0
50,117791,9,0,0,40,-1.0
37,172846,10,0,0,45,1.0
59,43221,10,0,0,43,1.0
28,183780,9,0,1740,40,-1.0
32,153078,13,0,0,40,-1.0
22,234663,9,0,0,40,-1.0
27,261375,13,0,0,40,-1.0
32,194141,9,0,0,50,-1.0
20,89991,10,0,0,32,-1.0
19,237455,9,0,0,25,-1.0
34,209808,10,0,0,40,1.0
39,102953,13,7298,0,55,1.0
53,169182,6,0,0,40,-1.0
31,91964,10,0,0,40,-1.0
44,332401,15,99999,0,65,1.0
33,56701,13,15024,0,75,1.0
18,201901,7,0,0,10,-1.0
44,193494,10,0,0,72,1.0
69,108196,6,0,0,40,-1.0
44,296728,14,0,0,40,1.0
33,342458,12,0,0,56,-1.0
44,231348,10,0,0,40,-1.0
23,320451,13,0,0,24,-1.0
53,53197,16,0,0,50,1.0
35,215419,10,0,0,40,-1.0
31,120460,10,0,0,50,1.0
56,174744,9,0,0,40,-1.0
21,249957,9,0,0,40,-1.0
51,146574,14,0,0,50,1.0
57,138892,7,0,0,15,-1.0
48,265083,6,0,0,38,-1.0
45,67544,14,0,0,50,-1.0
25,189590,13,0,0,40,-1.0
37,151322,13,0,0,40,-1.0
72,284080,2,0,0,40,-1.0
54,43269,9,0,0,50,1.0
32,249550,10,0,0,44,-1.0
59,380357,13,0,0,40,-1.0
63,339473,10,0,0,60,-1.0
44,162506,14,0,0,35,-1.0
28,190367,9,0,0,45,-1.0
42,196001,9,0,0,40,-1.0
20,165804,10,0,0,40,-1.0
54,88278,16,0,1977,50,1.0
33,159442,13,0,0,40,-1.0
27,308995,10,0,0,40,-1.0
35,161141,9,0,0,40,-1.0
25,276310,5,0,0,40,-1.0
31,134613,11,0,0,43,-1.0
53,266529,11,0,0,40,1.0
45,67716,10,0,0,60,-1.0
34,178951,9,0,0,45,-1.0
19,167140,10,0,1602,24,-1.0
64,256019,14,0,0,35,-1.0
51,25932,9,0,0,60,-1.0
19,414871,9,0,0,40,-1.0
28,161607,10,0,0,45,-1.0
19,121240,9,0,0,30,-1.0
42,76280,9,0,0,40,-1.0
18,98667,7,0,0,16,-1.0
24,155818,10,0,0,44,-1.0
33,209432,9,0,0,20,-1.0
52,124993,9,0,0,55,-1.0
35,377798,13,0,0,50,1.0
29,201454,10,0,0,40,-1.0
18,78817,9,0,0,20,-1.0
29,134566,16,0,0,50,1.0
23,324960,9,0,0,40,-1.0
51,44000,14,99999,0,50,1.0
41,182567,13,0,0,40,1.0
41,121287,9,0,0,40,-1.0
43,150533,9,0,0,68,1.0
23,86065,8,0,0,30,-1.0
30,188403,10,0,0,40,-1.0
51,138179,9,0,1876,40,-1.0
19,375114,9,0,0,40,-1.0
28,191177,14,0,0,20,1.0
46,236827,5,0,0,40,-1.0
39,186934,13,0,0,40,-1.0
24,113466,13,0,0,40,-1.0
58,177368,9,0,0,40,1.0
71,163293,15,0,0,2,-1.0
33,176711,12,0,0,50,-1.0
17,198146,7,0,0,15,-1.0
37,415847,13,0,0,40,1.0
43,187322,13,0,0,40,1.0
23,204209,10,0,0,10,-1.0
37,333651,9,0,0,42,-1.0
22,184779,9,0,0,40,-1.0
50,138358,10,0,0,28,-1.0
33,324546,10,0,0,39,-1.0
29,221366,13,5013,0,40,-1.0
34,167063,9,0,0,40,-1.0
43,253759,10,0,0,40,-1.0
42,369781,4,0,0,25,-1.0
50,145166,14,7298,0,40,1.0
44,103233,13,0,0,40,-1.0
46,364913,7,0,0,40,-1.0
35,38948,10,0,0,40,1.0
51,139127,10,0,0,50,-1.0
74,129879,9,15831,0,40,1.0
37,83375,9,0,0,40,-1.0
34,50276,13,27828,0,40,1.0
29,191355,14,0,0,40,-1.0
40,205175,9,0,0,37,-1.0
80,249983,4,0,0,24,-1.0
34,204470,14,0,0,50,1.0
37,48063,13,0,0,55,1.0
29,464536,13,0,0,40,-1.0
35,188069,14,13550,0,55,1.0
21,170038,10,0,0,40,-1.0
32,190290,9,0,0,40,-1.0
19,116385,7,0,0,40,-1.0
26,165510,13,0,0,40,-1.0
64,183513,9,0,0,25,-1.0
51,125796,7,0,0,40,-1.0
33,111567,14,0,1902,45,1.0
48,240629,9,0,0,40,1.0
66,75134,9,0,0,25,-1.0
19,195985,9,0,0,50,-1.0
33,295589,10,0,0,35,-1.0
54,152652,9,0,0,65,-1.0
46,43206,16,0,1564,50,1.0
31,118941,10,0,0,20,-1.0
36,358373,9,0,0,36,-1.0
34,182691,9,0,0,44,-1.0
51,114508,5,0,0,40,-1.0
25,120041,13,0,0,40,-1.0
40,229148,8,0,0,40,-1.0
40,99651,10,0,0,60,-1.0
47,121124,13,0,0,40,1.0
63,273010,9,3471,0,40,-1.0
28,38918,10,0,0,50,1.0
59,163047,10,0,0,38,-1.0
35,28572,10,4064,0,35,-1.0
44,71269,10,0,0,50,-1.0
48,199763,9,0,0,8,-1.0
32,128016,9,0,0,20,-1.0
31,236861,9,0,0,60,-1.0
46,327886,12,0,0,40,-1.0
67,407618,5,2050,0,40,-1.0
24,284317,13,0,0,30,-1.0
24,73514,10,0,0,50,-1.0
37,333664,10,0,0,40,-1.0
60,191118,9,0,1848,40,1.0
44,95150,10,0,0,50,1.0
46,106255,10,0,0,40,-1.0
33,227282,9,0,0,60,-1.0
28,259840,13,0,0,60,1.0
47,469907,12,0,1740,40,-1.0
47,221666,10,0,0,40,-1.0
21,83141,9,0,0,53,-1.0
41,65372,16,0,0,50,1.0
46,297906,13,0,0,50,1.0
32,245482,9,0,0,40,-1.0
44,254146,14,0,0,40,1.0
37,24106,9,0,0,30,-1.0
32,182975,10,0,0,20,-1.0
43,243580,13,0,0,40,1.0
33,213887,9,0,0,40,-1.0
58,314153,9,0,0,40,1.0
37,175759,13,0,0,40,1.0
24,81145,10,0,0,75,-1.0
35,110668,9,0,0,35,-1.0
63,35021,13,0,1977,32,1.0
40,192381,10,0,0,50,1.0
42,198692,10,0,0,45,1.0
31,197672,13,0,0,40,-1.0
53,185846,9,0,0,40,-1.0
41,173370,13,0,0,30,-1.0
21,65225,10,0,0,30,-1.0
49,259087,10,0,0,40,-1.0
35,98776,9,0,0,40,-1.0
19,226913,10,0,0,20,-1.0
31,191001,9,0,0,40,-1.0
45,202812,13,0,0,40,1.0
47,483596,9,2885,0,32,-1.0
40,163215,13,0,0,40,-1.0
35,164526,9,0,0,40,1.0
66,376028,9,0,0,20,-1.0
23,398904,13,0,0,40,-1.0
20,113307,4,0,0,40,-1.0
31,358461,10,0,0,40,-1.0
33,132832,9,0,0,50,-1.0
38,174571,6,0,0,45,-1.0
25,298225,10,0,0,35,-1.0
42,31251,11,0,0,37,-1.0
60,52152,14,0,0,50,-1.0
49,84013,9,0,0,35,-1.0
48,141483,10,0,0,40,-1.0
23,162282,10,0,0,25,-1.0
30,299507,12,0,0,40,-1.0
59,192983,9,0,0,40,-1.0
74,211075,9,0,0,40,1.0
51,32372,13,0,1672,70,-1.0
50,200618,12,0,0,40,-1.0
49,225124,9,0,0,40,-1.0
25,104439,10,0,0,50,-1.0
24,200819,8,0,0,40,-1.0
31,261943,10,0,0,40,-1.0
27,38353,11,0,0,60,-1.0
40,180362,13,0,0,40,-1.0
46,202560,13,0,1408,40,-1.0
25,112847,9,0,0,40,-1.0
65,254413,10,0,0,40,-1.0
43,154785,13,0,0,80,-1.0
29,198997,9,0,0,20,-1.0
37,203828,5,0,0,40,-1.0
49,72333,10,0,0,40,-1.0
33,83671,13,0,0,50,-1.0
31,455995,10,0,0,65,1.0
45,91044,14,0,0,15,-1.0
47,30840,14,0,0,40,1.0
46,83064,12,0,0,40,1.0
24,112683,9,0,0,32,-1.0
33,38223,9,0,0,70,-1.0
51,204304,10,0,0,50,1.0
40,116103,10,4934,0,47,1.0
33,452924,9,0,0,40,-1.0
58,222311,9,7688,0,55,1.0
18,301762,9,0,0,25,-1.0
48,185291,13,0,0,6,-1.0
28,82531,10,0,0,40,-1.0
33,198660,9,99999,0,56,1.0
18,444822,7,0,0,8,-1.0
23,227943,12,0,0,30,-1.0
53,64322,4,0,0,40,-1.0
44,336513,10,0,0,45,-1.0
40,198452,7,0,0,40,-1.0
48,273435,9,0,1579,40,-1.0
28,183885,9,0,0,30,-1.0
37,191754,13,0,0,50,1.0
33,190027,9,0,0,20,-1.0
30,308812,10,0,0,60,-1.0
55,208640,9,0,0,30,1.0
37,105044,10,0,0,42,1.0
36,61778,9,15024,0,40,1.0
30,175856,14,0,0,38,-1.0
33,134737,9,0,0,35,-1.0
28,299422,4,0,0,40,-1.0
38,130007,13,0,0,40,-1.0
26,322614,1,0,1719,40,-1.0
19,281704,10,0,0,35,-1.0
48,118717,13,0,0,40,-1.0
23,176486,11,0,0,36,-1.0
45,273435,9,0,0,40,-1.0
47,196707,15,0,0,40,-1.0
34,134737,14,7688,0,55,1.0
41,166740,9,0,0,40,-1.0
38,196554,15,0,0,35,1.0
23,189830,10,0,0,50,-1.0
20,138107,9,0,0,35,-1.0
19,318822,10,0,0,40,-1.0
33,180551,10,0,0,40,-1.0
22,112847,9,0,0,40,-1.0
32,182323,5,0,0,40,-1.0
26,181597,10,0,0,40,-1.0
18,51255,7,0,0,15,-1.0
21,243368,1,0,0,50,-1.0
40,316820,10,0,1485,40,-1.0
25,35829,10,0,0,50,-1.0
32,113543,15,0,0,40,1.0
45,45891,10,0,0,42,-1.0
53,35295,13,0,0,60,1.0
31,255830,12,0,0,45,-1.0
23,222925,9,2105,0,40,-1.0
23,182494,4,0,0,40,-1.0
42,143046,13,0,1564,38,1.0
23,227915,9,0,0,33,-1.0
34,353881,11,3103,0,60,1.0
39,200968,10,0,0,45,1.0
51,202956,11,0,0,40,-1.0
62,113080,4,0,0,40,-1.0
29,133136,8,0,0,40,1.0
39,238008,9,0,0,40,-1.0
30,226665,13,0,0,42,1.0
62,39630,9,0,0,40,-1.0
55,37869,16,0,0,60,-1.0
58,285885,5,0,0,40,-1.0
17,208463,9,0,0,20,-1.0
61,153790,9,0,0,40,-1.0
56,153451,10,0,0,35,-1.0
33,209101,9,0,0,40,-1.0
27,106758,9,0,0,45,-1.0
35,36214,13,4386,0,47,1.0
35,172475,13,2977,0,45,-1.0
21,276840,8,0,0,20,-1.0
50,119099,10,0,0,99,1.0
41,83411,9,0,0,40,1.0
48,200471,13,0,0,45,1.0
45,118291,10,0,0,80,-1.0
20,216436,13,0,0,30,-1.0
40,37869,9,0,0,50,-1.0
34,85218,14,0,0,24,-1.0
38,173968,9,0,0,45,-1.0
26,162872,12,0,0,40,-1.0
40,139193,9,0,0,40,-1.0
66,101607,9,0,0,10,-1.0
26,186151,9,0,0,40,-1.0
23,118693,13,0,0,35,-1.0
39,297449,13,0,0,40,1.0
30,156025,9,0,0,40,-1.0
44,165108,14,0,0,40,1.0
27,62737,11,0,0,40,-1.0
34,101517,10,0,0,35,-1.0
23,31606,9,0,0,40,-1.0
18,135315,5,0,0,32,-1.0
79,333230,9,0,0,6,-1.0
50,57758,11,0,0,60,1.0
28,142712,10,0,0,40,-1.0
35,308945,9,0,0,40,1.0
23,220993,9,0,1590,48,-1.0
28,329426,13,0,0,40,-1.0
64,181408,11,0,0,10,-1.0
40,33155,9,0,0,40,-1.0
42,211253,13,0,0,40,-1.0
18,142751,6,0,0,40,-1.0
57,218649,9,0,0,40,-1.0
21,117210,10,0,0,45,-1.0
32,29312,6,0,0,80,1.0
49,155489,10,0,0,65,-1.0
17,294485,6,0,0,30,-1.0
38,354739,11,0,0,36,1.0
32,296466,14,0,0,60,-1.0
64,114650,5,0,0,40,-1.0
23,134997,10,0,0,20,-1.0
31,158092,10,0,0,35,-1.0
27,207418,13,0,0,50,-1.0
28,54243,9,0,0,60,-1.0
47,187581,11,0,0,48,1.0
26,247025,10,0,0,40,-1.0
47,121124,5,0,0,40,-1.0
44,171484,6,0,0,40,1.0
39,70995,13,15024,0,99,1.0
30,87469,9,0,0,40,-1.0
47,246396,9,0,0,40,-1.0
35,338320,9,0,0,50,1.0
35,150488,13,0,0,40,-1.0
56,95763,6,0,0,45,-1.0
53,205288,9,7688,0,35,1.0
30,158688,9,0,0,40,-1.0
36,193026,13,0,0,40,1.0
38,307404,10,0,0,40,-1.0
26,208122,10,0,0,45,-1.0
41,216116,9,0,0,40,-1.0
30,167476,10,0,0,50,-1.0
27,188711,10,0,0,30,-1.0
49,199448,11,0,0,40,-1.0
65,325537,11,0,0,50,1.0
30,250499,10,0,0,55,1.0
32,70985,9,4064,0,40,-1.0
34,204375,15,0,0,60,1.0
47,148995,14,0,0,65,1.0
43,177905,9,3908,0,40,-1.0
31,223046,9,0,0,60,-1.0
24,154571,10,0,0,20,-1.0
20,189148,9,0,0,48,-1.0
32,130057,13,0,0,45,1.0
37,60722,10,0,0,40,1.0
30,255486,9,0,0,25,-1.0
23,522881,3,0,0,35,-1.0
29,126399,9,0,0,32,-1.0
18,395567,9,0,0,40,-1.0
56,139616,13,0,0,45,1.0
58,130454,10,0,0,50,1.0
24,461678,6,0,0,40,-1.0
28,103389,14,0,0,40,-1.0
35,126569,10,4064,0,40,-1.0
66,166461,7,0,0,26,-1.0
77,28678,14,9386,0,6,1.0
59,136413,4,0,0,48,-1.0
37,218490,14,0,0,55,1.0
53,123703,9,0,0,40,-1.0
19,369678,9,0,0,30,-1.0
38,127601,10,0,0,40,1.0
33,259931,7,0,0,30,-1.0
47,149700,13,0,0,36,1.0
35,374524,15,0,0,75,1.0
35,150217,13,0,0,24,-1.0
50,320510,13,0,1902,40,1.0
19,199441,9,0,0,40,-1.0
28,175262,12,0,2002,40,-1.0
26,262656,9,0,0,40,-1.0
41,290660,13,7688,0,55,1.0
34,57426,13,0,0,45,-1.0
19,344858,9,0,0,20,-1.0
26,211596,14,0,0,40,-1.0
50,30682,14,0,0,50,-1.0
36,215392,13,0,0,40,-1.0
38,210438,4,0,0,40,-1.0
46,73541,6,0,0,40,-1.0
20,119156,9,0,0,20,-1.0
52,165681,10,0,0,40,-1.0
44,202466,10,0,0,60,-1.0
31,131568,5,0,0,40,-1.0
59,175689,10,0,0,14,1.0
58,281792,13,0,0,40,1.0
66,22313,7,0,0,20,-1.0
50,30008,13,0,0,45,1.0
24,285432,9,0,0,40,-1.0
54,37237,13,0,0,40,1.0
58,417419,4,0,0,40,-1.0
45,179428,10,0,0,55,-1.0
47,217509,9,0,0,45,-1.0
35,308691,14,0,0,48,-1.0
36,370156,9,0,0,38,-1.0
29,32280,9,0,0,45,-1.0
44,242861,9,0,0,40,-1.0
20,256211,10,0,0,40,-1.0
44,199031,10,0,1380,40,-1.0
19,369527,10,0,0,40,-1.0
38,115336,9,0,0,70,-1.0
33,255334,13,0,0,25,1.0
29,349154,6,0,0,40,-1.0
58,147428,14,0,0,40,1.0
69,476653,13,0,0,20,-1.0
65,155261,9,0,0,40,1.0
19,113546,7,0,0,56,-1.0
24,227070,6,0,0,40,-1.0
48,184513,13,0,0,80,1.0
36,272944,9,0,0,45,-1.0
49,353824,10,0,0,45,1.0
21,314182,9,0,0,40,-1.0
43,220776,14,0,0,35,1.0
51,251487,4,0,0,40,-1.0
46,330087,13,0,0,55,1.0
19,293928,9,0,0,20,-1.0
22,160120,6,0,0,30,-1.0
37,212900,9,0,0,40,-1.0
27,212041,9,0,0,50,-1.0
37,203828,5,0,0,65,-1.0
27,200802,10,0,0,40,-1.0
28,25955,10,0,0,40,-1.0
44,569761,11,0,0,40,-1.0
49,163352,15,0,0,85,1.0
26,176520,9,0,0,53,-1.0
49,40000,13,4064,0,44,-1.0
29,86613,2,0,0,20,-1.0
22,416165,10,0,0,32,-1.0
45,155664,3,0,0,40,1.0
49,174702,10,0,0,35,-1.0
35,99156,13,0,0,50,-1.0
25,309098,11,0,0,40,-1.0
20,224217,9,0,0,40,-1.0
67,222899,11,0,0,40,-1.0
51,117496,14,0,0,40,1.0
60,137733,13,0,0,50,-1.0
29,193125,9,0,0,40,-1.0
29,197932,9,0,0,40,1.0
21,301694,9,0,0,35,-1.0
40,168071,9,0,0,28,-1.0
40,233891,9,0,0,35,-1.0
22,219086,10,0,0,55,-1.0
43,295510,9,0,0,45,1.0
49,151584,10,0,0,40,1.0
53,191025,10,0,0,43,-1.0
25,313930,7,0,0,40,-1.0
29,115677,13,0,0,40,-1.0
20,186849,9,0,0,40,-1.0
26,142689,13,0,0,45,-1.0
55,337599,10,0,0,40,-1.0
34,175697,11,0,0,75,-1.0
38,80303,10,0,0,60,1.0
37,126743,2,0,0,53,-1.0
54,257337,10,0,0,40,1.0
24,185821,10,0,0,40,-1.0
35,171968,9,0,0,40,-1.0
36,181065,12,0,0,40,1.0
23,164574,12,0,0,40,-1.0
51,257485,10,0,0,40,1.0
33,229716,9,0,0,38,-1.0
24,32311,10,0,0,40,-1.0
56,275236,13,0,0,40,-1.0
41,355918,10,0,0,65,1.0
26,174592,14,0,0,40,-1.0
38,101192,10,0,0,40,-1.0
35,106028,9,0,0,65,-1.0
27,127833,9,0,0,40,-1.0
18,83492,4,0,0,40,-1.0
43,108945,10,0,0,50,-1.0
42,113147,12,0,0,40,-1.0
45,114396,13,0,0,35,-1.0
44,244974,13,0,0,44,1.0
52,135339,10,0,0,40,1.0
28,394927,10,0,0,40,1.0
27,192283,11,0,0,38,-1.0
20,238685,10,0,0,30,-1.0
21,190805,9,0,0,32,-1.0
47,192894,13,0,1902,45,1.0
25,123095,10,0,1590,40,-1.0
17,234780,9,0,0,40,-1.0
35,483530,10,0,0,40,-1.0
70,172652,14,0,0,8,-1.0
24,278155,10,0,0,30,-1.0
44,165815,9,0,0,96,-1.0
38,212245,10,0,0,40,-1.0
34,36385,14,0,0,45,1.0
47,199058,15,0,0,40,1.0
52,67090,9,0,0,44,-1.0
37,212826,9,0,0,40,-1.0
51,249644,10,0,0,48,1.0
31,213307,9,0,0,40,-1.0
39,119098,11,0,0,40,-1.0
63,180911,7,4386,0,37,1.0
51,171924,10,0,0,50,-1.0
23,231160,10,0,0,25,-1.0
31,356882,9,5013,0,40,-1.0
31,131568,4,0,0,20,-1.0
39,204501,14,0,0,50,1.0
53,102828,9,0,0,35,1.0
18,255282,7,0,1602,48,-1.0
21,306850,9,0,0,40,-1.0
26,386949,9,0,0,25,-1.0
26,324854,13,0,0,40,1.0
23,188505,13,0,0,25,-1.0
33,193042,9,0,0,60,1.0
41,53956,13,0,1980,56,-1.0
38,136137,10,0,0,50,1.0
23,219535,9,0,0,40,-1.0
33,214129,10,0,0,40,-1.0
32,240979,10,0,0,60,1.0
39,103710,9,0,0,60,-1.0
57,199114,13,0,2258,40,-1.0
69,61958,9,1424,0,6,-1.0
47,216999,9,0,0,45,-1.0
32,51150,11,0,0,40,-1.0
20,347530,9,0,0,25,-1.0
40,143069,9,0,0,40,-1.0
48,101299,12,0,0,45,-1.0
45,96798,3,0,0,40,-1.0
17,33138,8,0,0,40,-1.0
57,57071,10,3137,0,40,-1.0
37,188576,16,0,0,40,-1.0
64,239529,7,3674,0,35,-1.0
38,116608,9,0,0,35,1.0
25,157617,9,0,0,40,-1.0
50,173020,10,0,0,40,-1.0
24,247734,13,0,0,30,-1.0
26,187652,12,0,0,40,-1.0
35,144172,12,0,0,16,-1.0
32,134727,9,0,0,40,-1.0
30,173350,11,0,0,40,-1.0
30,243190,15,0,0,20,1.0
55,185436,10,0,0,70,1.0
26,36936,11,0,2002,40,-1.0
38,102178,9,0,0,50,-1.0
64,298301,9,0,0,40,-1.0
37,321943,15,0,0,40,1.0
38,203836,10,0,0,50,1.0
46,198660,13,99999,0,72,1.0
24,85041,9,0,0,25,-1.0
29,263855,8,0,0,40,-1.0
35,189623,16,0,0,45,1.0
51,159755,11,0,0,38,1.0
20,349365,9,0,0,40,-1.0
32,330715,9,99999,0,40,1.0
38,238397,13,0,0,24,-1.0
48,219565,9,0,0,40,-1.0
25,483822,9,0,0,40,-1.0
23,289982,9,0,0,40,-1.0
36,198237,13,15024,0,50,1.0
74,209454,3,0,0,40,-1.0
46,224559,9,0,0,40,-1.0
58,190997,10,0,0,40,1.0
31,119411,13,0,0,60,1.0
20,293091,9,0,0,12,-1.0
56,205601,16,99999,0,70,1.0
28,181291,13,0,1564,50,1.0
31,206512,7,0,0,25,-1.0
43,135606,14,0,0,50,1.0
24,197552,9,0,0,40,-1.0
39,239409,9,0,0,50,-1.0
37,127772,13,0,0,40,-1.0
72,177121,13,0,0,3,-1.0
58,368797,14,0,0,35,1.0
34,234960,13,0,1887,48,1.0
52,40641,6,5013,0,40,-1.0
48,237525,13,7688,0,65,1.0
41,284086,11,0,0,60,-1.0
30,319280,9,0,0,40,1.0
67,195066,9,0,0,50,-1.0
20,109813,7,0,0,40,-1.0
33,96128,7,0,0,40,-1.0
48,187969,14,0,0,80,-1.0
28,219705,13,5013,0,55,-1.0
26,154966,10,0,0,40,-1.0
31,349148,9,0,0,40,1.0
49,266150,9,0,0,40,-1.0
48,180446,6,0,0,40,-1.0
46,102771,14,0,1977,40,1.0
50,118058,10,0,0,50,-1.0
23,170482,10,0,0,45,-1.0
35,308874,9,0,0,40,-1.0
38,127601,10,0,0,35,-1.0
26,137367,10,0,0,44,-1.0
20,223515,10,0,0,40,-1.0
45,116255,9,0,0,40,-1.0
39,241153,14,0,0,50,-1.0
45,229516,9,0,0,72,-1.0
23,126945,13,0,0,40,-1.0
39,29874,10,0,0,60,1.0
44,56483,13,0,0,37,-1.0
43,85995,9,0,0,40,-1.0
49,247294,9,0,0,45,1.0
34,72793,13,0,0,15,-1.0
29,261375,9,0,0,60,-1.0
45,171335,14,0,0,50,1.0
19,541282,10,0,0,40,-1.0
20,105585,10,0,0,25,-1.0
53,251675,10,8614,0,50,1.0
41,134130,13,0,0,50,1.0
28,209205,10,7298,0,40,1.0
44,56236,10,2202,0,45,-1.0
62,209433,9,0,0,40,-1.0
48,254809,6,0,1594,32,-1.0
30,123397,10,0,0,30,-1.0
46,182689,10,0,0,40,-1.0
31,117507,9,0,0,45,-1.0
17,295308,7,0,0,20,-1.0
39,248445,3,0,0,40,-1.0
23,214542,10,0,0,20,-1.0
36,403489,14,0,0,45,1.0
17,237078,7,0,0,35,-1.0
17,226717,8,0,0,20,-1.0
47,173938,13,0,0,50,1.0
67,174603,9,0,0,35,-1.0
34,141058,10,0,0,62,-1.0
54,117674,10,0,0,40,-1.0
45,241350,9,0,0,40,-1.0
42,157443,13,0,0,27,1.0
43,208613,15,99999,0,40,1.0
76,70697,4,0,0,25,-1.0
27,208406,13,0,0,30,-1.0
44,65145,9,0,0,30,-1.0
43,115806,14,0,2547,40,1.0
79,142370,15,0,0,10,-1.0
40,226505,9,0,0,46,1.0
30,361497,13,0,0,72,1.0
41,27187,11,0,2415,12,1.0
53,171924,13,14344,0,55,1.0
41,183224,14,0,0,40,1.0
18,161063,9,0,0,40,-1.0
20,107658,10,0,0,10,-1.0
48,131826,10,0,0,40,1.0
41,252986,14,0,0,40,1.0
47,177457,10,0,0,40,-1.0
28,526528,10,3887,0,40,-1.0
73,199362,9,0,0,30,-1.0
40,94080,12,0,0,40,1.0
47,223342,9,0,1504,35,-1.0
27,123773,12,0,0,40,-1.0
37,200374,13,0,1902,40,1.0
44,98106,10,0,0,40,-1.0
24,214014,9,0,0,40,-1.0
49,174981,14,0,0,47,1.0
31,373432,5,0,0,43,-1.0
23,227594,9,0,0,30,-1.0
41,204410,9,0,1485,44,1.0
59,223215,13,0,1977,50,1.0
42,270721,13,0,0,32,-1.0
23,34113,9,0,0,45,-1.0
29,383402,10,0,0,35,-1.0
34,212064,9,7443,0,35,-1.0
56,53366,9,0,0,40,-1.0
44,95255,10,0,0,40,-1.0
34,223267,10,0,0,72,-1.0
32,194901,9,0,0,40,-1.0
32,236543,8,0,0,54,-1.0
45,167334,14,0,0,50,1.0
36,175255,9,0,0,35,-1.0
58,78104,9,0,0,45,-1.0
42,199095,11,0,0,40,-1.0
34,69251,9,0,0,40,1.0
35,407068,2,0,0,40,-1.0
46,125892,10,0,0,40,1.0
51,169364,10,0,0,40,-1.0
45,217654,10,0,0,40,1.0
65,22907,4,0,0,40,-1.0
25,248313,11,0,0,40,-1.0
54,188136,13,0,1408,38,-1.0
63,165667,9,0,0,40,-1.0
61,123991,10,0,0,20,-1.0
27,148153,9,0,0,40,-1.0
37,131463,6,0,0,33,-1.0
36,242713,9,0,0,40,-1.0
27,225291,12,0,0,40,-1.0
56,205735,2,0,0,40,-1.0
39,355468,9,0,1887,46,1.0
60,184362,9,0,0,25,-1.0
31,126501,10,0,0,40,-1.0
35,260578,9,0,0,40,1.0
38,214542,10,0,0,40,-1.0
26,174921,13,0,0,40,-1.0
30,467108,13,0,0,45,-1.0
40,198692,10,5178,0,60,1.0
32,151053,10,0,0,40,-1.0
45,142871,10,0,0,50,-1.0
50,220640,14,0,0,50,1.0
21,204596,12,0,0,8,-1.0
40,140108,5,0,0,40,-1.0
55,188917,9,0,0,40,-1.0
76,98695,10,0,0,20,-1.0
51,152596,9,0,0,40,-1.0
34,849857,9,0,0,40,-1.0
48,148306,14,0,0,40,-1.0
60,56248,9,0,1485,70,1.0
37,174308,9,0,0,40,-1.0
32,196342,16,0,0,40,1.0
22,218215,10,0,0,40,-1.0
52,145081,4,0,0,40,-1.0
40,558944,4,0,0,40,-1.0
30,164190,9,0,0,40,1.0
64,187601,10,0,0,40,-1.0
37,249392,11,0,0,40,1.0
29,199116,9,0,0,40,-1.0
32,175856,13,0,1902,40,1.0
21,262241,9,0,0,40,-1.0
27,86681,13,0,0,40,-1.0
36,219483,10,0,0,40,-1.0
50,289207,16,0,1902,45,1.0
34,405386,10,0,0,28,-1.0
26,246025,9,0,0,20,-1.0
55,102058,6,0,0,45,-1.0
28,215014,9,0,0,50,-1.0
42,30824,14,2354,0,16,-1.0
34,117444,13,0,0,65,1.0
31,181091,9,0,0,50,1.0
40,183096,5,0,0,40,1.0
37,342084,10,0,0,60,1.0
28,108569,13,0,0,43,-1.0
33,133278,9,0,0,40,-1.0
62,29828,9,0,0,40,-1.0
50,27484,9,0,0,50,1.0
26,166051,13,0,0,40,-1.0
53,126977,9,0,0,35,-1.0
52,63004,14,0,0,40,-1.0
52,229983,15,3103,0,30,1.0
70,131699,13,0,0,55,-1.0
36,180859,11,0,0,38,-1.0
28,216814,9,0,0,40,-1.0
25,135603,9,0,0,40,1.0
48,76017,9,0,0,25,-1.0
28,80158,9,0,0,40,-1.0
22,154422,10,0,0,30,-1.0
23,169104,10,0,0,25,-1.0
17,151141,8,0,0,20,-1.0
23,98283,13,0,0,40,-1.0
41,193524,12,0,0,40,1.0
43,33331,13,0,0,55,-1.0
22,156773,10,0,0,15,-1.0
56,115439,10,0,0,60,-1.0
45,40690,10,0,0,75,-1.0
23,695136,9,0,0,30,-1.0
28,192384,10,0,0,40,1.0
26,167350,8,0,0,40,-1.0
43,315971,14,0,0,40,-1.0
21,31606,10,0,0,25,-1.0
45,98524,12,0,0,40,1.0
64,254797,10,0,0,40,-1.0
51,136224,13,0,0,40,-1.0
40,240504,12,0,0,40,1.0
29,150861,10,0,0,40,-1.0
49,177211,13,0,0,40,-1.0
51,118259,9,3137,0,60,-1.0
30,340917,14,15024,0,60,1.0
61,199495,8,0,0,40,-1.0
50,32372,9,0,0,30,-1.0
42,203554,14,0,0,60,1.0
38,170861,10,0,0,40,-1.0
48,199590,9,0,0,40,1.0
19,279968,10,0,0,20,-1.0
27,108431,10,0,0,40,-1.0
26,150062,9,0,0,50,-1.0
51,115025,9,0,0,40,-1.0
35,62669,10,0,0,55,1.0
65,80174,9,1848,0,50,-1.0
22,279802,10,0,0,3,-1.0
40,167919,9,0,0,40,-1.0
49,125892,13,0,0,40,1.0
76,79445,6,1173,0,40,-1.0
28,66777,11,3137,0,40,-1.0
57,103948,15,0,0,30,1.0
84,368925,3,0,0,15,-1.0
41,69333,9,0,0,45,1.0
28,116372,13,0,0,60,-1.0
42,184837,9,7298,0,40,1.0
62,123612,13,0,0,4,-1.0
44,321824,9,0,0,38,-1.0
40,201764,9,0,0,40,-1.0
25,250038,11,0,0,40,-1.0
17,47199,7,0,0,24,-1.0
22,195143,10,0,0,29,-1.0
37,468713,10,0,0,40,-1.0
43,33331,14,0,0,40,1.0
23,181557,9,0,0,25,-1.0
23,135138,13,0,0,40,-1.0
28,107236,8,0,0,40,-1.0
37,194004,7,0,0,25,-1.0
44,42476,9,0,0,30,-1.0
54,71344,14,0,0,50,1.0
62,197286,9,0,0,40,-1.0
37,167735,11,0,1887,40,1.0
39,187693,9,0,0,72,1.0
34,208043,11,7298,0,45,1.0
46,102597,13,0,0,40,-1.0
53,83434,13,0,0,21,1.0
24,233419,9,0,0,40,-1.0
55,160303,9,0,0,40,-1.0
41,29591,9,0,0,30,-1.0
41,287306,9,0,1902,40,1.0
43,96249,9,0,0,42,1.0
41,101593,14,15024,0,50,1.0
26,243560,10,0,0,40,-1.0
28,76129,9,0,0,40,-1.0
59,182062,13,5013,0,40,-1.0
25,84224,13,0,0,40,-1.0
48,177211,7,0,0,40,-1.0
17,345403,6,0,0,40,-1.0
61,168654,9,0,0,40,-1.0
33,113326,10,0,0,50,-1.0
37,89491,14,0,0,40,-1.0
54,383365,13,0,0,70,1.0
26,211497,10,0,0,40,-1.0
54,185407,10,0,0,40,-1.0
57,225927,6,0,0,40,-1.0
46,121370,9,0,0,30,-1.0
26,186950,11,0,0,40,1.0
48,152953,4,0,0,32,-1.0
43,176069,9,0,0,16,-1.0
64,193043,9,0,0,40,-1.0
45,364563,9,0,0,40,1.0
54,163671,9,0,1887,65,1.0
32,227160,10,0,0,40,-1.0
22,177107,11,0,0,35,-1.0
40,222011,14,3325,0,40,-1.0
18,284450,7,0,0,25,-1.0
49,231961,16,0,0,50,1.0
54,175912,6,0,0,40,-1.0
37,163998,12,0,0,50,1.0
40,193537,10,0,0,40,-1.0
36,35945,4,7298,0,45,1.0
37,30973,9,0,0,40,-1.0
39,82622,13,0,0,45,-1.0
82,240491,9,0,0,40,-1.0
33,154120,9,0,0,45,-1.0
24,333505,9,0,0,40,-1.0
60,33266,9,0,0,40,-1.0
48,493862,9,7298,0,38,1.0
25,236242,15,0,0,30,-1.0
51,136322,9,0,1579,40,-1.0
37,81853,9,0,0,40,-1.0
20,198148,9,0,0,40,-1.0
20,386643,10,0,0,40,-1.0
24,227610,6,0,0,58,-1.0
20,108887,10,0,0,25,-1.0
23,145389,10,0,0,40,-1.0
36,101833,13,0,0,40,-1.0
52,99602,9,0,0,40,-1.0
47,168211,9,0,0,44,-1.0
34,277314,12,0,1902,50,1.0
57,108741,9,0,0,40,-1.0
43,106760,9,0,0,50,1.0
69,32287,6,0,0,25,-1.0
38,22245,16,0,0,45,1.0
29,50028,10,0,0,40,-1.0
27,85251,10,0,0,45,-1.0
40,160369,14,0,2415,45,1.0
40,165815,10,0,0,40,-1.0
19,60367,9,0,0,13,-1.0
76,203910,9,0,0,17,-1.0
20,109952,9,0,0,40,-1.0
23,227471,9,0,0,24,-1.0
33,103596,11,0,0,40,-1.0
40,219240,9,0,0,22,-1.0
33,106938,9,0,0,38,-1.0
31,248653,2,0,0,37,-1.0
22,141297,10,0,0,40,-1.0
35,180137,10,0,0,60,-1.0
30,36340,9,0,0,24,-1.0
30,58582,13,0,0,10,-1.0
32,396745,13,0,2415,48,1.0
26,34803,9,0,0,40,-1.0
55,23789,9,0,0,40,-1.0
34,162814,9,0,0,45,-1.0
71,229424,9,0,0,40,-1.0
25,86872,9,0,0,40,-1.0
40,171231,13,0,0,40,-1.0
40,45093,9,0,0,45,-1.0
20,342599,10,0,0,35,-1.0
37,172571,9,0,0,40,-1.0
43,483450,5,0,0,40,-1.0
51,111939,9,0,0,35,1.0
31,201122,13,0,1902,45,1.0
36,356824,9,0,0,40,-1.0
42,87284,15,7298,0,35,1.0
25,366207,9,0,0,40,-1.0
75,125197,9,0,0,26,-1.0
62,71467,13,0,0,55,1.0
40,88909,13,15024,0,50,1.0
23,150463,9,0,0,40,-1.0
43,209544,14,10520,0,50,1.0
48,167749,9,0,0,40,1.0
52,31533,9,0,0,40,-1.0
36,192337,9,0,0,40,-1.0
67,274451,6,0,0,16,-1.0
27,204515,13,0,0,36,-1.0
29,126822,9,0,0,35,-1.0
31,111567,5,0,0,43,1.0
49,44671,12,0,0,40,1.0
25,60358,13,0,0,40,-1.0
26,142081,9,0,0,40,-1.0
27,166350,9,0,0,50,-1.0
33,269604,3,0,0,40,-1.0
22,107882,9,0,0,20,-1.0
24,424034,9,0,0,40,-1.0
50,204402,9,0,0,84,1.0
27,212622,14,0,0,40,-1.0
39,93319,9,0,0,4,-1.0
48,181758,16,0,0,60,1.0
60,129447,9,0,0,35,-1.0
68,191288,4,0,0,15,-1.0
42,112956,9,0,0,40,-1.0
37,37109,9,0,0,60,-1.0
48,110457,10,0,0,40,1.0
50,153931,9,0,0,40,-1.0
44,105862,10,0,0,70,1.0
30,53285,9,0,0,52,1.0
26,318934,6,0,0,40,-1.0
30,227886,9,0,0,35,-1.0
84,135839,11,0,0,14,-1.0
23,434467,10,0,0,42,-1.0
42,404573,15,0,0,40,-1.0
31,72630,13,14084,0,50,1.0
43,345969,15,0,0,50,1.0
51,26832,9,0,0,40,1.0
23,32950,13,0,0,40,-1.0
30,72887,9,3411,0,40,-1.0
39,221059,14,7688,0,38,1.0
26,340787,9,0,0,40,-1.0
56,197114,9,0,0,28,-1.0
40,108765,11,0,0,40,-1.0
33,248584,10,0,0,50,-1.0
56,343849,10,0,0,40,-1.0
60,376133,9,15024,0,15,1.0
29,193152,9,0,1408,40,-1.0
17,413557,5,0,0,40,-1.0
28,211032,10,0,0,40,-1.0
29,136077,9,0,0,60,1.0
19,184737,9,0,1721,40,-1.0
26,247025,11,0,0,40,-1.0
28,184078,9,0,0,40,-1.0
23,107452,10,0,0,40,-1.0
38,297449,13,7298,0,50,1.0
24,43387,13,0,0,55,1.0
46,62546,16,0,0,35,-1.0
40,197344,13,0,0,65,1.0
25,178843,13,0,0,15,-1.0
36,77146,13,15024,0,45,1.0
19,211553,10,0,0,35,-1.0
19,206599,10,0,0,16,-1.0
32,127895,10,0,0,35,-1.0
21,243368,1,0,0,50,-1.0
65,123965,13,0,0,40,-1.0
36,184498,7,0,0,40,-1.0
52,117674,9,0,0,55,1.0
45,120131,9,0,0,50,1.0
31,286911,10,0,0,38,-1.0
57,177271,16,0,0,35,-1.0
41,274363,10,7298,0,42,1.0
31,201292,9,0,0,40,-1.0
32,515629,9,0,0,40,-1.0
40,90222,10,0,0,40,-1.0
32,241885,6,0,0,40,-1.0
25,356017,7,0,0,99,-1.0
20,157541,10,0,0,40,-1.0
23,109430,9,0,0,40,-1.0
30,144064,9,0,0,62,-1.0
40,220563,8,0,0,40,-1.0
35,207676,10,0,0,40,-1.0
30,36069,12,0,0,40,-1.0
32,204742,13,0,0,40,1.0
44,282062,4,0,0,40,-1.0
57,124771,9,0,0,40,-1.0
53,215790,10,0,0,22,-1.0
38,87556,13,7688,0,55,1.0
29,214925,14,0,0,60,-1.0
44,211531,10,0,0,50,-1.0
25,201635,13,0,0,50,-1.0
41,188738,9,0,0,27,-1.0
59,223215,10,0,0,42,-1.0
26,165510,9,0,0,40,-1.0
32,230420,9,0,0,45,-1.0
28,395022,11,0,0,40,-1.0
51,338620,14,15024,0,60,1.0
47,162034,13,0,0,60,1.0
20,113511,7,0,0,40,-1.0
24,133586,13,0,0,40,-1.0
51,91137,5,0,0,40,-1.0
41,352812,10,0,1902,40,1.0
58,172618,15,0,0,45,1.0
36,174717,13,7688,0,40,1.0
51,82504,10,0,0,40,-1.0
45,298130,9,0,0,25,-1.0
53,223696,8,0,0,56,-1.0
52,176134,9,0,0,48,-1.0
19,63814,10,0,0,18,-1.0
27,31659,13,0,1887,60,1.0
43,156745,10,0,0,40,-1.0
52,191529,13,0,0,40,-1.0
38,40955,13,0,0,40,1.0
39,231141,9,2829,0,40,-1.0
25,267284,9,0,0,40,-1.0
21,107801,10,0,0,6,-1.0
30,342709,9,0,0,40,-1.0
22,302347,9,4416,0,40,-1.0
36,369843,9,0,0,50,-1.0
18,144711,9,0,1721,40,-1.0
44,104196,9,0,0,84,-1.0
19,144750,10,0,0,18,-1.0
38,292307,13,0,0,40,-1.0
19,356272,10,0,0,25,-1.0
34,186269,9,0,0,40,-1.0
49,198774,13,0,0,35,-1.0
23,276568,10,0,0,40,-1.0
51,87205,13,0,0,55,-1.0
47,343579,2,0,0,12,-1.0
27,205440,6,0,0,40,-1.0
23,256628,4,0,0,32,-1.0
21,265148,9,0,0,38,-1.0
25,135845,10,0,0,40,-1.0
23,199915,9,0,0,21,-1.0
43,82077,10,0,0,40,-1.0
47,72896,9,0,0,40,-1.0
60,82775,10,0,0,55,-1.0
45,53524,10,0,0,40,-1.0
22,163205,9,0,0,53,-1.0
54,227832,10,0,0,40,-1.0
54,213092,9,0,0,40,-1.0
34,287908,9,0,0,42,-1.0
28,346406,9,0,1672,50,-1.0
67,141085,9,0,0,20,-1.0
24,82847,9,0,0,50,1.0
74,146929,9,0,0,55,-1.0
58,141165,9,0,0,50,-1.0
68,136218,9,0,0,15,-1.0
41,371382,10,0,0,40,1.0
24,403671,13,0,0,40,-1.0
28,69847,13,0,0,30,-1.0
22,112130,9,0,0,40,-1.0
38,216129,10,0,0,35,-1.0
51,175246,9,0,0,50,1.0
59,159724,14,7298,0,55,1.0
42,160369,9,0,0,40,1.0
55,135439,13,0,0,48,-1.0
29,253003,9,0,0,16,-1.0
40,139193,9,0,1980,48,-1.0
31,236599,13,0,0,45,1.0
43,207685,9,0,0,40,-1.0
58,43221,10,0,2415,40,1.0
34,188736,9,0,0,20,-1.0
21,41356,10,0,0,35,-1.0
55,174662,9,0,0,32,-1.0
42,190179,13,99999,0,40,1.0
58,310320,13,0,0,40,1.0
33,251521,7,0,0,35,-1.0
47,101684,9,0,0,40,-1.0
41,352834,13,7688,0,55,1.0
31,332379,9,0,0,40,-1.0
37,184655,9,0,0,35,-1.0
36,162651,9,0,0,40,-1.0
56,183169,14,0,0,40,-1.0
34,177304,6,0,0,40,-1.0
22,401690,10,0,0,20,-1.0
52,43909,9,0,0,40,-1.0
30,166961,13,0,0,37,-1.0
45,199832,13,0,0,15,-1.0
67,264095,10,9386,0,24,1.0
38,129573,9,0,0,41,-1.0
17,173807,7,0,0,15,-1.0
18,28311,7,0,0,35,-1.0
41,197069,10,4650,0,40,-1.0
24,77665,9,0,0,42,-1.0
32,430175,9,0,0,50,-1.0
31,118149,10,0,0,40,-1.0
43,50646,9,0,0,70,-1.0
50,186565,13,0,0,50,-1.0
33,224141,9,0,0,40,-1.0
43,145441,13,0,0,38,1.0
48,212954,14,15024,0,40,1.0
67,176931,4,0,0,20,-1.0
54,83311,15,0,0,30,1.0
46,155890,13,0,0,40,1.0
25,189027,13,0,0,40,-1.0
58,35551,13,0,0,70,1.0
33,175023,9,0,0,37,-1.0
44,107584,14,3908,0,50,-1.0
26,131777,13,0,2002,40,-1.0
36,226947,13,0,0,40,1.0
25,295108,9,0,0,25,-1.0
48,177783,4,0,0,50,-1.0
31,240283,13,0,0,40,1.0
24,196332,9,0,0,40,-1.0
32,159187,13,0,0,35,-1.0
18,96483,9,0,0,20,-1.0
30,174215,16,0,0,15,-1.0
26,139116,10,0,0,50,-1.0
44,192381,13,0,1848,40,1.0
70,36311,13,20051,0,35,1.0
34,271933,14,0,0,50,-1.0
47,188081,9,0,0,40,1.0
22,341227,10,0,0,20,-1.0
37,180477,9,0,0,47,-1.0
33,120201,9,0,0,65,-1.0
39,435638,10,0,0,40,-1.0
45,151584,15,0,0,35,1.0
34,276221,6,0,0,40,-1.0
40,123306,11,0,0,40,1.0
21,186314,9,0,0,40,-1.0
55,213615,9,0,0,40,1.0
30,75167,10,0,0,40,1.0
29,142443,13,0,0,60,-1.0
49,99361,15,0,0,45,-1.0
60,297261,10,0,0,15,-1.0
41,183850,9,0,0,50,-1.0
20,163911,10,0,0,40,-1.0
45,189890,9,0,0,40,-1.0
34,134886,9,0,1740,35,-1.0
33,44392,9,0,0,20,-1.0
42,384236,14,7688,0,40,1.0
39,108069,10,0,0,40,-1.0
51,146325,9,0,0,28,-1.0
46,142210,9,0,0,25,-1.0
26,131686,13,0,0,40,-1.0
36,137421,11,0,0,37,-1.0
39,225330,13,0,0,50,1.0
42,54202,13,10520,0,50,1.0
23,189072,13,0,0,45,-1.0
80,101771,7,0,0,25,-1.0
52,137428,9,0,0,45,-1.0
58,208640,13,0,0,40,1.0
41,244945,10,0,0,40,-1.0
44,184105,12,4386,0,40,1.0
44,214242,10,0,0,50,1.0
66,104576,13,0,0,8,1.0
34,355700,9,0,0,20,-1.0
32,142675,9,0,0,40,-1.0
40,175935,13,14084,0,40,1.0
43,358199,10,3103,0,40,1.0
36,143486,13,0,0,40,1.0
36,207853,9,0,0,40,-1.0
32,209691,13,0,0,42,1.0
30,399522,7,0,0,40,-1.0
45,289468,7,0,0,40,-1.0
40,84136,9,0,0,25,-1.0
21,278254,9,0,0,40,-1.0
36,152307,9,0,0,40,-1.0
47,97419,9,0,0,40,-1.0
40,254167,6,0,0,35,-1.0
23,209770,9,0,0,40,-1.0
25,164488,13,0,0,40,-1.0
45,204057,13,0,0,40,-1.0
44,201742,13,0,2415,50,1.0
45,120724,14,4386,0,40,-1.0
51,201127,9,0,0,45,-1.0
34,122612,13,7688,0,50,1.0
45,125933,10,0,0,40,-1.0
39,111268,13,0,0,40,-1.0
22,94662,11,0,0,44,-1.0
44,150011,13,0,0,40,-1.0
25,178478,13,0,0,40,-1.0
44,230684,9,0,0,45,-1.0
41,170866,13,0,0,50,1.0
58,33725,14,0,0,20,-1.0
43,206878,9,0,0,60,-1.0
20,54012,9,0,0,40,-1.0
41,277783,10,0,2001,50,-1.0
34,227282,10,0,0,40,-1.0
23,237044,9,0,0,12,-1.0
36,223789,14,0,0,45,1.0
32,372692,9,0,0,40,-1.0
29,212895,10,0,0,48,-1.0
42,30759,9,0,0,35,-1.0
66,29431,9,0,0,50,-1.0
75,36243,16,0,0,40,-1.0
52,169785,10,0,0,50,-1.0
20,117109,10,0,0,24,-1.0
53,174020,14,0,1876,38,-1.0
39,184801,13,0,0,40,1.0
70,143833,10,0,2246,40,1.0
49,195437,12,0,0,60,1.0
26,169727,9,0,0,40,-1.0
17,225211,5,0,0,35,-1.0
45,54744,10,0,1848,40,1.0
51,441637,9,0,0,40,-1.0
40,183096,13,0,0,35,-1.0
28,22422,9,0,0,55,-1.0
59,247187,9,0,0,40,-1.0
35,63921,9,0,0,40,-1.0
24,234640,9,0,0,36,-1.0
43,191196,9,0,0,40,-1.0
39,117683,6,0,0,45,-1.0
24,83783,13,0,0,40,-1.0
61,180079,16,4064,0,40,-1.0
28,190911,9,0,0,40,-1.0
46,78022,9,0,0,40,1.0
24,417668,13,0,0,20,-1.0
41,223763,9,0,0,40,-1.0
43,54611,9,0,0,60,-1.0
37,337778,7,0,0,40,-1.0
51,94432,9,0,0,55,1.0
25,137645,13,0,0,40,-1.0
48,85109,10,0,0,45,-1.0
55,24694,10,0,0,40,-1.0
33,301867,10,0,0,35,-1.0
47,362835,13,0,0,60,1.0
43,336643,9,0,0,50,-1.0
31,143653,11,0,0,50,-1.0
79,97082,8,18481,0,45,1.0
43,183765,10,0,0,40,1.0
37,83880,10,0,0,40,-1.0
49,190115,9,0,1672,44,-1.0
50,321770,9,0,0,40,-1.0
28,223751,10,0,0,40,1.0
39,201410,9,0,0,40,-1.0
38,33105,13,0,0,70,1.0
51,268639,10,0,2057,60,-1.0
41,806552,10,0,0,50,1.0
27,160786,7,0,0,45,-1.0
26,78258,11,0,0,36,-1.0
35,328466,5,0,0,40,-1.0
67,172756,2,2062,0,34,-1.0
60,313852,14,0,0,25,-1.0
38,30509,14,0,1669,55,-1.0
43,35236,10,0,0,84,-1.0
35,387777,12,0,0,52,-1.0
66,189834,4,0,0,20,-1.0
23,393248,10,0,0,40,-1.0
31,409622,13,0,0,36,-1.0
50,281504,10,0,0,40,-1.0
58,331474,9,0,0,20,1.0
55,139843,9,0,0,60,-1.0
21,34310,11,0,2603,40,-1.0
67,63552,4,0,0,35,-1.0
34,226296,9,0,0,51,-1.0
19,172582,10,0,0,30,-1.0
53,227392,10,0,0,60,-1.0
71,137499,9,0,0,16,-1.0
52,194580,3,0,0,40,-1.0
27,189530,10,0,0,35,-1.0
58,153551,13,0,0,60,-1.0
19,29526,10,0,0,18,-1.0
53,153052,9,0,0,40,1.0
43,345789,13,15024,0,50,1.0
33,181091,6,0,0,35,-1.0
44,121130,9,0,0,40,-1.0
43,98989,9,0,0,40,-1.0
22,233624,9,0,0,43,-1.0
50,195844,12,0,0,50,1.0
34,172716,8,0,0,40,-1.0
43,152569,11,0,2339,36,-1.0
24,95552,9,0,0,40,-1.0
27,150080,13,0,0,40,-1.0
39,30916,10,0,1902,50,1.0
30,48829,9,0,1602,30,-1.0
31,192900,10,0,0,40,-1.0
28,190391,13,0,0,50,-1.0
44,207578,13,0,0,35,1.0
29,309778,10,0,0,40,1.0
26,245029,13,0,0,40,-1.0
28,155397,13,0,0,55,-1.0
42,245317,6,0,0,50,-1.0
64,30664,11,0,0,30,-1.0
40,208470,9,0,0,40,-1.0
30,207301,9,0,1980,40,-1.0
44,445382,10,0,0,40,-1.0
46,131091,13,0,1902,40,1.0
65,172815,10,0,0,40,-1.0
41,176663,9,0,0,40,-1.0
30,47085,6,0,0,40,-1.0
24,235894,9,0,0,40,-1.0
36,214896,5,0,0,40,-1.0
22,59924,9,0,0,40,-1.0
46,292504,10,0,0,40,-1.0
35,27408,10,0,0,40,-1.0
34,399386,11,0,0,53,-1.0
27,160786,7,0,1902,40,1.0
24,183594,9,0,0,40,-1.0
38,39606,13,0,0,40,-1.0
40,289309,10,0,0,48,-1.0
45,101825,9,0,0,45,-1.0
47,198200,13,0,0,50,-1.0
27,104917,11,0,0,40,-1.0
39,97136,9,0,0,40,-1.0
46,99385,13,0,0,40,-1.0
35,190194,9,0,0,40,-1.0
39,208109,9,0,0,60,1.0
58,116901,9,0,0,25,-1.0
33,293550,10,4064,0,40,-1.0
61,298400,13,4787,0,48,1.0
66,182470,15,0,0,25,1.0
21,196508,10,0,0,40,-1.0
29,376302,11,0,0,35,1.0
43,160943,9,0,0,40,1.0
26,201481,13,0,0,40,-1.0
30,31510,12,0,0,50,-1.0
44,165815,5,0,0,40,-1.0
36,123983,13,0,0,55,1.0
21,111676,10,0,0,40,-1.0
68,89011,16,0,0,50,-1.0
26,155752,10,0,0,40,-1.0
23,166527,10,0,0,40,-1.0
26,258550,13,0,0,40,-1.0
23,279243,10,0,0,40,-1.0
20,278391,10,0,0,25,-1.0
27,251854,13,0,0,35,1.0
42,366180,10,0,0,55,1.0
19,552354,8,0,0,40,-1.0
33,26543,11,0,0,40,1.0
33,33727,14,0,0,40,-1.0
22,50163,5,0,0,40,-1.0
30,235271,13,0,0,40,1.0
51,35295,9,0,0,45,-1.0
34,209213,13,0,0,15,-1.0
49,233639,7,0,0,50,-1.0
26,162302,10,0,0,40,-1.0
60,41517,7,0,0,20,-1.0
37,126569,14,0,1977,40,1.0
21,216672,9,0,0,40,-1.0
30,140790,9,0,0,45,-1.0
23,115326,10,0,0,20,-1.0
41,220821,13,7688,0,40,1.0
37,107737,9,0,0,45,-1.0
27,244402,12,0,0,40,1.0
46,106252,10,0,0,40,-1.0
54,138944,9,0,0,44,-1.0
36,359249,10,0,0,40,-1.0
41,223548,2,0,0,40,-1.0
58,37591,13,0,0,40,-1.0
65,172906,9,0,0,40,-1.0
43,156771,6,0,0,40,-1.0
33,112952,10,0,0,48,-1.0
58,199278,13,0,0,38,-1.0
28,173611,9,0,0,40,-1.0
29,232666,9,0,0,40,-1.0
32,101709,13,0,0,40,1.0
21,313702,10,0,0,40,-1.0
38,197711,6,0,0,40,-1.0
28,335015,9,0,0,40,-1.0
19,238474,10,0,0,25,-1.0
43,130126,13,15024,0,50,1.0
25,190418,10,0,0,30,-1.0
49,54772,9,3103,0,45,1.0
53,216691,16,10520,0,40,1.0
32,440129,10,0,0,38,-1.0
27,145284,9,0,0,40,-1.0
40,141537,6,0,0,40,-1.0
60,193038,10,0,0,15,-1.0
67,163726,3,0,0,49,-1.0
36,609935,13,0,0,48,-1.0
28,107411,9,0,0,45,-1.0
62,24050,9,0,0,15,-1.0
26,276967,10,0,0,40,-1.0
40,184857,9,0,0,40,-1.0
46,298786,10,0,0,40,-1.0
21,253612,10,1055,0,32,-1.0
50,425804,13,0,0,40,1.0
36,77146,14,0,0,40,-1.0
29,54932,9,0,0,40,-1.0
29,251694,13,0,0,50,-1.0
22,268145,13,0,0,40,-1.0
31,117963,9,0,0,60,-1.0
26,169121,13,0,0,48,1.0
46,170165,9,0,0,37,-1.0
29,118230,9,0,0,35,-1.0
23,377121,10,0,0,25,-1.0
38,82552,9,594,0,50,-1.0
23,171705,9,0,0,48,-1.0
48,34845,9,0,0,40,-1.0
26,381618,5,0,0,45,-1.0
39,165106,13,0,1564,50,1.0
39,172538,13,0,0,50,1.0
28,232782,10,0,0,40,-1.0
29,174645,7,0,0,52,-1.0
33,422960,10,0,0,60,1.0
50,163948,9,0,0,40,1.0
22,201268,13,0,0,15,-1.0
17,95446,6,0,0,15,-1.0
31,149507,11,3464,0,38,-1.0
58,318537,8,0,0,40,-1.0
26,167848,9,0,0,40,-1.0
19,318002,9,0,0,40,-1.0
24,235722,9,0,0,40,-1.0
44,203761,10,0,0,45,1.0
48,81154,11,0,0,48,-1.0
19,258026,9,0,0,16,-1.0
64,211360,9,0,0,30,-1.0
41,217455,9,0,0,40,-1.0
46,46537,14,0,0,40,-1.0
32,208180,11,0,0,24,1.0
25,292058,9,0,0,30,-1.0
41,116825,14,0,0,55,1.0
55,289257,10,0,0,40,-1.0
38,66326,9,0,0,99,-1.0
43,216697,10,0,0,32,-1.0
38,161141,10,0,0,48,1.0
30,323069,13,0,0,40,-1.0
19,29083,9,0,0,25,-1.0
49,50567,10,0,0,32,-1.0
44,218653,13,0,0,40,-1.0
51,102904,9,0,0,43,-1.0
39,70240,10,0,0,40,-1.0
18,87169,9,0,0,40,-1.0
23,399022,9,0,0,35,-1.0
22,615367,13,0,0,60,-1.0
39,51264,7,0,0,40,-1.0
30,229895,6,0,0,40,-1.0
53,137815,10,0,0,40,1.0
21,43475,9,0,0,40,-1.0
49,98092,9,0,0,40,1.0
53,108815,9,0,0,60,-1.0
41,32533,11,0,0,45,-1.0
66,112376,4,0,0,40,1.0
38,280169,13,7298,0,50,1.0
52,181755,9,0,0,40,-1.0
34,345259,16,0,0,99,-1.0
38,166585,9,0,0,40,-1.0
40,233320,4,0,0,25,-1.0
34,56460,9,0,2179,12,-1.0
23,289116,9,0,0,50,-1.0
49,79627,10,0,0,40,-1.0
23,210781,13,0,0,15,-1.0
30,158420,13,0,0,25,-1.0
17,170320,7,0,0,8,-1.0
45,287190,12,0,0,35,-1.0
53,96827,13,0,0,40,-1.0
55,270228,12,7688,0,40,1.0
26,109570,10,0,0,35,-1.0
52,61735,7,0,0,40,-1.0
28,186239,10,0,0,40,-1.0
46,185847,9,0,0,54,-1.0
36,132879,9,0,0,45,-1.0
23,99543,8,0,0,46,-1.0
26,276309,10,0,0,20,-1.0
27,179565,13,0,0,37,-1.0
20,39477,10,0,0,30,-1.0
22,216867,3,0,0,48,-1.0
38,299036,13,0,0,55,1.0
30,460408,9,0,0,40,1.0
25,197871,13,0,0,50,-1.0
72,201375,12,0,0,40,-1.0
41,152529,13,0,0,40,1.0
34,191930,10,0,0,40,-1.0
27,130807,12,0,0,40,-1.0
48,173243,16,0,0,45,1.0
68,69249,9,0,0,50,1.0
24,190015,9,0,0,40,-1.0
65,76043,9,0,0,1,1.0
65,172949,9,2414,0,20,-1.0
65,85787,4,0,0,40,-1.0
20,110597,10,0,0,30,-1.0
44,304530,10,0,0,55,-1.0
28,327533,9,3908,0,40,-1.0
68,233954,14,0,0,40,1.0
62,252668,14,0,0,70,-1.0
35,241998,9,4787,0,40,1.0
39,173476,15,7688,0,40,1.0
56,99894,6,0,0,30,1.0
32,250585,13,0,0,50,-1.0
23,109307,11,0,0,40,-1.0
55,396878,10,0,0,25,-1.0
46,266337,11,0,0,40,-1.0
18,271935,9,0,0,40,-1.0
53,375134,10,0,0,60,1.0
27,199314,13,0,0,40,-1.0
63,289741,14,41310,0,50,-1.0
57,96346,9,0,0,57,-1.0
43,126701,13,0,0,35,1.0
45,81487,10,0,0,40,1.0
35,187711,9,0,0,40,-1.0
51,141645,10,0,0,40,-1.0
59,132717,6,0,0,40,-1.0
36,409189,10,0,0,40,1.0
40,283724,5,0,0,49,-1.0
19,533147,9,0,0,30,-1.0
47,26145,11,0,0,40,1.0
58,497253,13,0,0,40,1.0
26,59367,13,0,0,40,-1.0
48,449354,9,4386,0,45,1.0
19,216647,10,0,0,30,-1.0
37,29054,9,0,0,50,-1.0
37,32528,9,0,0,40,1.0
50,410186,9,0,0,40,-1.0
21,248512,10,0,0,40,-1.0
35,143589,13,0,0,40,-1.0
35,219902,11,0,0,40,-1.0
33,132601,13,0,0,55,1.0
50,30731,11,0,0,50,-1.0
41,77937,8,0,0,40,-1.0
26,216010,9,0,0,40,-1.0
42,306496,9,0,0,40,-1.0
43,316820,10,0,0,84,-1.0
17,53367,5,0,0,35,-1.0
17,93235,8,0,1721,25,-1.0
24,188300,7,0,0,40,-1.0
32,235109,13,0,0,40,-1.0
57,195876,9,0,0,40,-1.0
28,44216,9,0,0,40,-1.0
64,352712,11,0,0,55,-1.0
47,355320,13,15024,0,40,1.0
36,41624,6,0,0,70,-1.0
23,280134,9,0,0,40,-1.0
33,121195,9,0,0,50,-1.0
21,307371,10,0,0,15,-1.0
43,154210,9,2829,0,60,-1.0
18,216730,7,0,0,12,-1.0
46,173243,10,5178,0,40,1.0
39,160916,12,0,0,45,-1.0
23,189924,10,0,0,40,-1.0
27,153546,13,0,0,40,-1.0
40,195488,9,0,0,45,-1.0
23,214635,9,0,0,40,-1.0
35,169672,7,0,0,65,-1.0
35,230268,10,0,0,40,-1.0
46,175958,8,0,0,45,-1.0
31,109020,13,0,0,40,-1.0
44,163215,8,0,0,40,-1.0
43,338290,10,0,0,40,-1.0
36,139364,13,0,0,50,1.0
47,306473,12,0,0,40,-1.0
34,153326,13,0,0,40,1.0
59,154100,14,27828,0,45,1.0
40,202872,10,0,0,24,-1.0
40,47902,9,0,0,40,-1.0
42,172297,14,0,1902,40,1.0
55,165695,9,0,0,40,-1.0
29,253801,9,0,0,40,-1.0
18,159032,4,0,0,40,-1.0
33,232356,9,0,1672,55,-1.0
49,183013,9,0,0,40,-1.0
26,213385,10,0,0,20,-1.0
50,48358,9,7688,0,40,1.0
43,244945,13,0,0,60,-1.0
35,186934,13,0,0,50,1.0
20,258298,10,0,0,20,-1.0
65,117162,11,0,0,56,1.0
52,194259,9,0,0,40,-1.0
76,127016,4,0,0,40,-1.0
22,190968,10,2407,0,40,-1.0
44,193882,11,0,1340,40,-1.0
63,71800,4,0,0,41,-1.0
59,171015,10,0,0,34,-1.0
22,129508,9,0,0,28,-1.0
41,192107,13,0,0,40,-1.0
47,147236,9,0,0,40,1.0
20,194848,10,0,0,40,-1.0
23,177265,9,0,0,45,-1.0
17,60562,5,0,0,20,-1.0
32,30497,11,0,0,40,-1.0
57,111224,13,0,0,39,-1.0
24,154373,9,0,0,25,-1.0
49,37353,14,0,0,40,1.0
31,219619,9,0,0,48,-1.0
63,318763,10,0,0,22,-1.0
31,364657,10,0,0,50,1.0
36,47310,10,0,0,40,1.0
45,235891,12,0,0,40,-1.0
17,172050,7,0,0,16,-1.0
54,226735,9,0,0,45,-1.0
32,199529,10,0,1980,40,-1.0
34,226296,9,0,0,40,1.0
68,234859,10,0,0,30,-1.0
61,167138,9,0,0,40,-1.0
19,106273,10,0,0,38,-1.0
36,162424,9,0,0,45,-1.0
48,117251,9,0,0,32,-1.0
30,217296,11,0,0,35,-1.0
74,117017,10,0,0,16,-1.0
46,28419,15,99999,0,50,1.0
32,99309,9,0,0,40,1.0
40,63503,13,0,0,40,1.0
69,182862,9,15831,0,40,1.0
38,108907,9,0,0,40,-1.0
33,268571,10,0,0,40,-1.0
33,213813,10,0,0,40,-1.0
21,325923,10,0,0,35,-1.0
19,194905,10,0,0,12,-1.0
33,146440,10,0,1740,40,-1.0
30,100734,13,0,0,38,-1.0
38,203628,13,0,0,45,1.0
40,34540,14,0,0,44,-1.0
79,266119,13,0,0,40,-1.0
34,146980,9,0,0,65,-1.0
46,145290,10,0,0,40,-1.0
57,173580,10,0,0,40,-1.0
63,206052,9,0,0,40,-1.0
30,191385,7,0,0,40,-1.0
19,218471,9,0,1602,30,-1.0
42,210275,14,4687,0,35,1.0
26,113571,9,0,0,70,-1.0
26,132572,13,0,0,32,-1.0
28,129882,10,0,0,40,-1.0
20,107658,10,0,0,10,-1.0
28,282398,9,0,0,35,-1.0
41,33331,9,0,0,45,-1.0
46,155489,9,0,0,43,1.0
22,39432,9,0,0,40,-1.0
37,709445,9,0,0,40,-1.0
46,269045,15,0,0,40,1.0
33,69748,9,0,0,40,-1.0
37,188774,7,0,0,60,-1.0
19,215891,10,0,0,10,-1.0
40,144928,10,0,0,40,-1.0
28,202239,4,0,0,55,-1.0
30,197558,9,0,0,40,-1.0
61,147393,15,0,0,20,-1.0
34,191856,10,7298,0,40,1.0
69,204645,10,9386,0,72,1.0
61,95500,9,0,0,40,-1.0
29,238680,10,0,0,55,-1.0
18,42293,6,0,0,30,-1.0
24,174138,12,0,0,40,-1.0
32,256371,8,0,0,40,-1.0
49,149809,1,0,0,40,-1.0
49,191277,10,15024,0,50,1.0
25,456604,7,0,0,40,-1.0
50,341797,9,0,0,40,-1.0
61,390472,9,0,0,40,-1.0
25,153841,10,0,0,40,-1.0
25,570821,10,0,0,40,-1.0
39,183620,10,0,0,40,1.0
50,157043,14,2202,0,30,-1.0
25,164488,10,0,0,40,-1.0
27,258768,13,0,0,40,-1.0
35,287658,10,0,0,40,-1.0
31,210164,9,0,0,40,1.0
29,157262,14,0,0,45,-1.0
25,195481,9,0,0,40,-1.0
39,117166,6,2635,0,40,-1.0
17,216086,7,0,0,30,-1.0
27,346406,13,0,0,50,-1.0
43,117915,14,0,0,40,-1.0
32,317219,14,0,1590,40,-1.0
37,112660,5,0,0,35,-1.0
51,183709,11,0,0,40,-1.0
20,157541,10,0,0,27,-1.0
35,38294,9,0,0,40,-1.0
42,190403,10,0,0,60,-1.0
27,198258,13,0,0,35,-1.0
23,287988,13,10520,0,40,1.0
52,191529,10,0,1740,60,-1.0
34,278378,9,0,0,40,-1.0
36,150057,10,0,0,65,-1.0
30,171889,15,0,0,24,-1.0
47,418961,11,0,0,25,-1.0
43,104892,9,0,0,45,-1.0
25,202091,14,0,0,60,-1.0
66,186030,4,0,0,32,-1.0
23,204641,6,0,0,50,-1.0
33,124052,9,0,0,40,-1.0
43,330174,9,0,0,40,-1.0
57,170287,14,0,0,40,1.0
42,336643,11,0,0,40,-1.0
44,190020,13,0,0,50,-1.0
27,217530,9,0,0,40,-1.0
42,169383,14,0,0,40,1.0
25,476334,10,0,0,40,-1.0
26,51961,13,0,0,20,-1.0
32,362259,13,0,0,40,-1.0
19,139466,10,0,0,25,-1.0
31,204470,14,0,0,43,-1.0
42,246011,13,0,0,55,-1.0
27,177119,10,0,0,44,-1.0
53,155963,13,0,0,30,-1.0
41,95708,14,0,0,45,1.0
25,195994,2,0,0,40,-1.0
24,205839,10,0,0,40,-1.0
30,251825,12,0,0,40,-1.0
56,216824,15,0,0,40,1.0
30,137076,9,0,0,40,1.0
42,27242,7,0,0,60,-1.0
45,358242,13,0,0,45,1.0
32,339482,3,0,0,60,-1.0
21,143062,9,0,0,40,-1.0
29,161857,9,0,0,40,-1.0
28,161290,10,0,0,40,-1.0
19,456572,9,0,0,35,-1.0
17,166759,8,0,0,40,-1.0
31,121055,9,0,0,70,1.0
26,39014,8,0,0,40,-1.0
34,100669,13,0,0,40,1.0
59,138370,6,0,0,40,-1.0
46,180505,9,0,0,40,-1.0
32,316589,13,0,0,40,1.0
36,275653,4,2977,0,40,-1.0
43,195897,9,7298,0,40,1.0
37,202950,9,0,0,40,1.0
40,48087,9,7298,0,45,1.0
68,52052,11,25124,0,50,1.0
49,43479,10,0,0,40,-1.0
19,182590,6,0,0,38,-1.0
34,203488,9,0,0,40,-1.0
46,330416,10,0,0,40,-1.0
64,380687,13,0,0,8,-1.0
34,88215,14,0,0,40,1.0
35,99357,13,0,1977,30,1.0
45,99971,9,0,0,50,-1.0
39,103260,13,0,0,30,1.0
48,382242,16,0,0,40,1.0
38,185556,10,0,0,40,-1.0
23,213115,9,0,0,40,-1.0
50,197054,15,0,0,50,1.0
25,178960,7,0,0,40,-1.0
21,202125,9,0,0,40,-1.0
57,61474,10,7688,0,45,1.0
23,215395,11,0,0,50,-1.0
36,183898,13,0,0,60,-1.0
48,97176,9,0,0,40,-1.0
40,145160,10,0,0,43,-1.0
44,183829,13,0,0,38,-1.0
51,138852,9,0,0,40,-1.0
19,331433,9,0,0,32,-1.0
39,216256,13,0,0,60,1.0
49,403112,9,0,0,32,-1.0
33,226267,4,0,0,43,-1.0
31,167725,13,15024,0,48,1.0
44,194636,9,3137,0,50,-1.0
26,167835,13,0,0,20,-1.0
40,209344,9,0,0,15,-1.0
27,204074,9,0,0,40,-1.0
21,143604,10,0,0,29,-1.0
26,149734,9,0,1594,40,-1.0
45,144579,13,0,0,40,1.0
44,336906,10,0,0,40,-1.0
35,247547,9,0,0,40,-1.0
29,29361,9,0,0,38,-1.0
33,153588,9,0,0,40,-1.0
59,99131,9,0,0,40,-1.0
47,167281,13,0,0,40,-1.0
46,124733,10,0,0,40,-1.0
31,149726,9,0,0,50,-1.0
35,329759,9,0,0,40,-1.0
30,200892,14,0,0,40,-1.0
52,443742,10,0,0,60,-1.0
19,120691,9,0,0,25,-1.0
51,233149,12,0,0,45,1.0
23,520759,9,0,0,30,-1.0
25,266820,1,0,0,35,-1.0
18,230373,7,594,0,4,-1.0
47,96854,13,0,0,40,1.0
35,186934,14,0,0,40,1.0
23,39182,9,0,0,40,-1.0
40,200479,11,0,0,40,-1.0
59,132925,14,0,0,40,1.0
49,232664,13,0,0,40,-1.0
68,422013,9,0,3683,40,-1.0
35,105813,13,0,0,48,1.0
36,280440,12,0,0,45,-1.0
34,209297,9,0,2001,40,-1.0
34,29235,12,0,0,40,-1.0
56,255406,9,0,0,40,-1.0
54,162439,9,0,0,98,1.0
21,145651,10,0,1602,12,-1.0
23,105617,5,0,0,40,-1.0
59,147989,10,0,0,50,1.0
42,228320,4,0,0,40,-1.0
43,255635,3,0,0,40,-1.0
19,45643,10,0,0,25,-1.0
37,267085,10,0,0,40,-1.0
61,101265,8,0,0,40,-1.0
30,281030,11,4064,0,40,-1.0
50,95949,13,0,0,50,-1.0
49,171411,5,0,0,40,-1.0
48,100067,10,0,0,40,-1.0
44,157236,10,0,0,40,-1.0
19,440417,10,0,0,15,-1.0
35,297485,13,0,0,40,-1.0
20,380544,12,0,0,20,-1.0
34,232855,10,0,0,37,-1.0
23,176262,11,0,0,36,-1.0
26,55929,14,0,0,48,-1.0
22,165065,10,0,0,40,-1.0
17,48751,7,0,0,40,-1.0
21,380219,10,0,0,40,-1.0
36,306156,10,15024,0,60,1.0
37,192939,13,0,0,40,1.0
20,306639,10,0,0,20,-1.0
52,205767,14,0,0,40,1.0
22,85389,9,0,0,40,-1.0
45,236612,7,0,0,40,-1.0
31,166626,9,0,0,40,1.0
17,166242,6,0,0,15,-1.0
47,350759,9,0,0,40,1.0
31,76198,9,0,0,20,-1.0
56,67662,14,0,0,39,-1.0
32,251701,12,0,0,40,-1.0
29,119848,13,0,0,40,-1.0
50,160572,9,3137,0,47,-1.0
21,206891,4,0,0,38,-1.0
23,162551,13,0,0,20,-1.0
41,101290,9,0,0,40,-1.0
83,240150,6,20051,0,50,1.0
37,378916,9,0,0,40,-1.0
31,213771,9,0,0,36,-1.0
24,219510,13,0,0,32,-1.0
47,215620,14,15024,0,55,1.0
17,94366,6,0,0,6,-1.0
21,180052,10,0,0,30,-1.0
71,93202,9,0,0,16,-1.0
44,89172,13,0,0,80,-1.0
18,184277,9,0,0,25,-1.0
53,126386,9,0,0,40,-1.0
35,216711,9,0,0,40,1.0
27,172091,9,0,0,40,-1.0
56,571017,10,0,0,15,-1.0
45,390368,10,15024,0,99,1.0
57,170411,13,0,0,40,1.0
25,109532,8,0,0,40,-1.0
64,342494,9,0,0,40,-1.0
29,253593,9,0,0,40,-1.0
34,184147,9,0,0,20,-1.0
56,65325,13,0,0,50,-1.0
39,262841,9,0,0,50,1.0
41,211873,11,0,1628,5,-1.0
32,70985,11,0,0,40,-1.0
28,249541,10,0,0,40,-1.0
19,268392,9,0,0,30,-1.0
19,37332,9,0,0,20,-1.0
31,219883,9,0,0,40,-1.0
60,116707,10,7298,0,40,1.0
21,238917,3,0,0,40,-1.0
29,339100,7,3418,0,48,-1.0
19,176831,10,0,0,35,-1.0
42,76487,9,0,0,45,-1.0
69,262352,10,0,0,32,-1.0
20,66695,10,594,0,35,-1.0
28,114158,13,0,0,15,-1.0
35,115618,9,0,0,50,1.0
44,267521,13,0,0,40,-1.0
50,128143,13,0,1887,50,1.0
29,270421,13,0,0,50,1.0
51,314007,9,0,0,40,-1.0
28,33374,7,0,0,35,-1.0
54,332243,8,0,0,40,-1.0
42,296982,10,0,0,40,-1.0
22,201569,13,0,0,20,-1.0
35,668319,13,0,1740,80,-1.0
30,112358,13,0,0,60,1.0
27,491421,3,0,0,50,-1.0
38,682947,13,0,0,55,1.0
32,24961,11,0,0,40,-1.0
19,235909,10,0,0,20,-1.0
41,104892,14,0,0,40,1.0
36,126675,14,0,1977,50,1.0
40,107433,13,0,1977,50,1.0
43,184321,6,0,1887,40,1.0
63,301611,9,0,0,20,-1.0
29,214284,14,0,0,20,-1.0
28,141957,12,0,1887,70,1.0
35,233533,13,0,0,65,-1.0
19,84610,10,0,0,30,-1.0
50,163921,9,0,0,48,1.0
36,68273,13,0,0,40,1.0
35,341643,13,0,0,55,-1.0
56,115422,9,0,0,40,-1.0
28,282389,9,0,0,60,-1.0
19,170720,9,0,0,20,-1.0
41,39581,10,0,0,24,-1.0
37,199251,10,0,0,40,-1.0
25,220220,7,0,0,45,-1.0
41,222434,12,0,0,40,-1.0
34,106014,10,0,0,60,-1.0
21,25265,11,0,0,30,-1.0
41,94113,14,0,0,60,1.0
22,113550,9,0,0,40,-1.0
42,277488,15,15024,0,65,1.0
37,195189,10,0,0,40,-1.0
36,116608,9,0,0,40,-1.0
29,67053,9,0,0,40,-1.0
43,111949,9,0,0,35,-1.0
44,171589,11,7688,0,40,1.0
20,210474,10,0,0,15,-1.0
65,191380,6,9386,0,50,1.0
58,259216,5,0,0,40,-1.0
26,159732,9,0,0,40,-1.0
21,161415,10,0,0,50,-1.0
27,404421,10,0,0,40,-1.0
68,365020,9,0,0,40,-1.0
54,217718,3,0,0,30,-1.0
56,105281,9,0,1974,40,-1.0
31,202450,9,0,1573,40,-1.0
20,147280,9,0,0,40,-1.0
61,186451,15,0,1902,40,1.0
32,222205,10,0,0,40,1.0
40,374137,9,0,0,40,-1.0
38,95654,9,0,0,60,-1.0
67,89346,13,0,0,40,1.0
32,195891,12,0,0,45,1.0
28,84657,13,0,0,40,-1.0
18,165316,9,0,0,30,-1.0
44,361280,10,0,0,80,1.0
43,152617,10,0,0,40,-1.0
62,199198,7,0,0,40,-1.0
46,113390,14,0,1740,60,-1.0
47,82797,13,0,0,50,-1.0
42,187720,14,15024,0,50,1.0
40,137142,9,0,0,40,1.0
35,267798,9,0,0,40,-1.0
63,310396,5,5178,0,40,1.0
48,47686,7,0,0,40,-1.0
32,113838,10,0,0,40,-1.0
53,182855,6,0,0,48,-1.0
41,88368,9,0,0,50,-1.0
29,131088,10,0,0,40,-1.0
21,178255,10,0,0,30,-1.0
43,236985,9,0,0,40,-1.0
30,251120,4,0,0,38,-1.0
62,170114,12,0,0,50,-1.0
36,28996,9,0,0,40,-1.0
34,176648,9,0,0,42,-1.0
36,167691,10,0,0,50,-1.0
62,232308,13,0,0,40,1.0
19,269991,9,0,0,40,-1.0
57,78707,9,0,0,40,-1.0
50,279461,10,0,0,40,1.0
19,410543,9,0,0,40,-1.0
56,214323,7,0,0,40,-1.0
60,139391,9,0,0,42,-1.0
33,259301,10,0,0,41,-1.0
45,364365,13,0,0,35,-1.0
39,158956,10,0,0,40,-1.0
33,279173,9,0,0,60,-1.0
37,89559,9,0,0,40,-1.0
36,206253,10,0,1617,40,-1.0
43,218558,9,0,0,40,-1.0
56,266091,13,0,0,45,-1.0
62,201928,9,0,0,40,-1.0
19,128346,9,0,0,40,-1.0
41,49797,9,0,0,40,-1.0
17,239346,6,0,0,18,-1.0
46,250821,15,0,0,48,-1.0
35,198202,9,0,0,54,-1.0
28,191342,10,0,0,40,-1.0
63,207385,10,0,0,30,-1.0
19,124486,8,0,1602,20,-1.0
39,333305,10,0,0,45,1.0
56,76142,9,0,0,40,-1.0
33,34848,10,0,0,40,-1.0
48,497486,9,1471,0,40,-1.0
55,239404,6,0,0,45,-1.0
19,277695,5,0,0,16,-1.0
17,160968,7,0,0,16,-1.0
35,183898,9,2354,0,40,-1.0
41,32016,9,0,0,62,-1.0
54,88019,10,0,0,55,-1.0
33,278514,9,0,0,42,-1.0
25,258379,13,0,0,32,-1.0
53,123011,14,0,0,45,1.0
33,275632,9,0,0,40,-1.0
20,215495,5,0,0,40,-1.0
30,214063,10,0,0,72,-1.0
33,133503,9,0,1977,45,1.0
44,116391,13,0,0,40,-1.0
22,154235,10,3781,0,35,-1.0
26,203492,9,0,0,40,-1.0
59,205949,9,0,0,40,-1.0
38,272950,10,0,0,50,-1.0
29,160786,6,0,0,35,1.0
31,91666,9,0,0,60,-1.0
23,69911,1,0,0,15,-1.0
31,86143,9,0,0,40,-1.0
20,47541,10,0,0,30,-1.0
24,64520,4,0,0,40,-1.0
29,34796,9,0,0,40,-1.0
24,65743,13,0,0,30,-1.0
63,424591,9,0,0,40,-1.0
51,215404,13,15024,0,40,1.0
31,348504,13,0,0,50,-1.0
28,188236,10,0,0,40,-1.0
45,160187,9,0,0,40,-1.0
44,147206,10,7688,0,45,1.0
32,169837,12,0,0,40,-1.0
23,33423,10,0,0,30,-1.0
39,115289,10,0,1380,70,-1.0
46,364548,13,8614,0,40,1.0
69,114801,9,0,0,20,-1.0
69,143849,7,0,0,20,-1.0
26,50053,13,0,0,55,-1.0
51,124076,13,0,0,40,-1.0
40,205706,9,0,0,40,-1.0
43,200734,9,0,0,40,-1.0
31,159589,9,0,0,85,-1.0
46,216414,14,0,1977,60,1.0
18,444607,10,0,0,25,-1.0
23,183945,10,0,0,60,-1.0
22,306593,9,0,0,40,-1.0
45,127089,14,0,0,45,-1.0
36,174640,11,0,0,60,1.0
36,337039,12,14344,0,40,1.0
80,91901,9,0,0,25,-1.0
19,184121,9,0,0,20,-1.0
18,60981,10,2176,0,35,-1.0
31,173279,13,0,0,40,1.0
54,215990,14,0,1887,44,1.0
60,160155,13,0,0,12,-1.0
55,136819,13,0,0,40,-1.0
56,109856,13,15024,0,50,1.0
40,193144,9,0,0,36,-1.0
68,182131,10,10605,0,20,1.0
18,88642,10,0,0,15,-1.0
34,157289,10,0,0,40,-1.0
20,183594,10,0,0,40,-1.0
43,193882,10,0,0,55,-1.0
29,156815,9,0,0,40,-1.0
19,64112,8,0,0,40,-1.0
44,128676,10,0,0,40,-1.0
28,111520,7,0,0,40,-1.0
36,145933,9,0,2258,70,-1.0
55,225365,9,0,0,30,-1.0
59,365390,10,0,0,40,-1.0
36,156780,9,0,0,40,-1.0
39,30916,9,0,0,40,-1.0
46,186172,13,3103,0,40,1.0
56,98418,15,99999,0,40,1.0
42,144995,1,0,0,25,-1.0
35,193241,9,0,1651,40,-1.0
31,377374,10,0,0,40,-1.0
24,186213,10,0,0,50,1.0
24,418405,9,0,0,40,-1.0
38,446654,5,0,0,40,-1.0
53,131258,15,0,0,50,1.0
17,347322,6,0,0,20,-1.0
53,103995,13,0,1876,54,-1.0
23,434467,9,0,0,48,-1.0
51,249706,10,0,0,40,-1.0
35,79586,14,0,0,40,1.0
53,479621,11,0,0,40,-1.0
62,265201,13,0,0,40,-1.0
33,36539,13,0,0,40,1.0
62,588484,13,0,0,20,1.0
52,150393,13,0,0,40,1.0
31,147284,16,0,1977,99,1.0
53,227836,10,0,0,40,-1.0
45,108100,13,99999,0,25,1.0
48,353012,9,0,1902,40,1.0
20,30035,12,0,0,40,-1.0
62,162249,9,0,0,30,-1.0
26,328663,9,0,0,40,-1.0
37,190759,10,0,0,60,1.0
32,379412,10,0,0,40,-1.0
25,255474,13,0,0,40,-1.0
28,303674,9,3103,0,20,-1.0
38,102945,13,0,0,52,1.0
32,158242,13,0,0,40,-1.0
38,136629,13,0,0,40,-1.0
52,165278,11,0,0,40,-1.0
50,116933,9,0,0,33,-1.0
29,208577,9,0,0,40,1.0
18,280603,7,0,0,30,-1.0
42,177989,9,0,0,40,-1.0
32,164190,9,0,0,30,-1.0
23,478994,10,0,0,40,-1.0
34,124052,13,0,0,30,-1.0
51,183173,9,0,0,40,1.0
51,124963,13,0,0,40,1.0
41,139907,11,0,0,30,-1.0
35,187119,10,0,0,70,-1.0
26,219760,9,0,0,16,-1.0
46,63299,9,0,0,50,-1.0
39,171482,13,0,0,40,1.0
29,210869,10,0,0,80,-1.0
31,176831,6,0,0,40,-1.0
34,35595,13,0,0,30,-1.0
49,159726,7,0,0,40,-1.0
54,173050,14,7688,0,40,1.0
41,394669,13,0,1741,40,-1.0
22,109039,9,0,0,55,-1.0
42,74334,14,0,0,40,1.0
62,311495,10,0,0,40,-1.0
18,187240,7,0,0,18,-1.0
30,342709,9,0,0,40,-1.0
38,245090,9,0,0,40,-1.0
42,219682,14,0,0,45,-1.0
21,218445,10,0,0,40,-1.0
54,329733,9,0,0,40,1.0
52,273514,9,0,0,40,-1.0
27,332785,9,0,0,38,-1.0
46,149640,4,0,0,45,-1.0
19,195282,9,0,0,20,-1.0
51,96678,14,0,0,60,-1.0
49,379779,13,0,0,40,-1.0
53,278114,4,0,0,40,1.0
29,236938,12,0,0,38,-1.0
50,338033,10,0,0,32,-1.0
28,274679,14,0,0,50,-1.0
35,241306,11,0,0,40,1.0
53,139127,9,0,0,40,-1.0
41,111483,9,0,0,40,-1.0
26,173593,14,0,0,20,-1.0
35,174503,9,0,0,40,-1.0
35,22641,9,0,0,40,-1.0
46,359193,10,0,0,45,-1.0
50,138270,9,0,0,40,-1.0
27,193898,13,0,0,45,1.0
43,76460,9,0,0,40,-1.0
21,27255,10,0,0,40,-1.0
29,202878,4,0,2042,40,-1.0
34,213887,16,0,0,32,1.0
37,34173,13,0,0,40,-1.0
26,206600,7,0,0,30,-1.0
74,89667,13,0,0,35,-1.0
34,168906,12,0,0,35,-1.0
41,189956,13,0,0,40,1.0
47,456661,4,0,0,40,-1.0
24,279041,9,0,0,40,-1.0
59,139344,10,0,0,40,1.0
31,243142,9,0,0,40,-1.0
44,166597,14,0,0,40,1.0
74,167537,10,0,0,35,1.0
43,240504,9,0,0,40,-1.0
35,219546,10,0,0,45,-1.0
20,204641,9,0,0,20,-1.0
19,278220,10,0,1602,40,-1.0
40,155972,9,0,0,60,1.0
25,64860,10,0,0,22,-1.0
62,226546,15,0,0,16,-1.0
26,39092,10,4064,0,50,-1.0
45,184285,13,0,0,45,-1.0
51,206775,10,0,0,50,-1.0
26,219815,10,0,0,40,-1.0
70,89787,9,0,0,20,-1.0
31,227446,10,0,0,40,1.0
24,189749,7,0,0,40,-1.0
53,297796,6,0,0,40,-1.0
28,68642,9,0,0,46,-1.0
46,78529,13,0,0,60,1.0
36,110791,12,0,0,40,-1.0
21,118186,10,0,0,20,-1.0
37,37778,11,0,0,54,-1.0
39,160623,12,0,0,40,-1.0
23,348420,13,0,0,40,-1.0
30,154587,9,0,0,40,-1.0
36,32334,11,0,0,50,1.0
52,156953,9,0,0,40,1.0
50,339954,11,0,0,40,1.0
39,214117,10,0,0,40,-1.0
34,167832,6,0,0,40,-1.0
26,150553,13,0,0,50,-1.0
28,99478,9,0,0,40,-1.0
48,236858,7,0,0,31,-1.0
25,96268,7,0,0,40,-1.0
17,108273,6,0,0,12,-1.0
22,412316,9,0,0,40,-1.0
73,148003,10,20051,0,36,1.0
54,421561,10,0,0,40,1.0
65,240857,13,0,2377,40,1.0
45,102202,11,0,0,40,-1.0
30,95299,9,0,0,40,1.0
43,240504,10,0,0,70,1.0
21,275190,10,0,0,20,-1.0
58,314092,11,0,1887,48,1.0
36,257380,9,0,0,35,-1.0
33,188246,13,0,0,65,1.0
36,297335,13,0,0,50,-1.0
22,330571,9,0,0,45,-1.0
42,29393,10,0,0,40,-1.0
45,176917,9,0,0,40,-1.0
26,165235,13,0,0,40,-1.0
58,259929,16,0,0,43,1.0
44,208528,12,0,0,30,-1.0
51,25031,10,0,0,10,1.0
42,255847,9,0,0,40,-1.0
55,408537,5,99999,0,37,1.0
57,30030,9,0,0,40,1.0
62,138253,14,4650,0,40,-1.0
29,190777,13,0,0,55,-1.0
38,41591,13,0,0,30,-1.0
37,138192,9,0,0,45,-1.0
17,152696,8,0,0,30,-1.0
29,180758,12,0,0,60,-1.0
35,182898,9,0,0,40,-1.0
38,186325,10,0,0,38,1.0
45,341117,10,0,0,50,-1.0
45,267967,13,0,0,45,1.0
18,389147,9,0,0,30,-1.0
47,94809,11,0,0,45,1.0
43,193882,9,0,0,40,1.0
56,197369,4,0,0,40,1.0
23,235853,9,0,0,45,-1.0
44,29115,10,0,0,40,-1.0
39,53926,13,0,0,40,-1.0
45,114797,9,0,0,40,-1.0
56,156229,13,7688,0,40,1.0
32,106014,10,5178,0,50,1.0
50,211116,6,0,0,40,-1.0
26,203777,10,0,0,37,-1.0
33,200289,14,0,0,19,-1.0
28,51961,10,0,0,24,-1.0
56,75785,9,0,0,40,1.0
36,28572,10,0,0,50,-1.0
37,216924,9,0,0,44,1.0
37,327164,10,0,0,70,-1.0
31,58582,10,0,0,46,-1.0
49,199378,10,0,0,22,-1.0
49,122066,3,0,2603,40,-1.0
30,437825,13,0,0,20,-1.0
17,216595,7,0,0,20,-1.0
40,204235,14,99999,0,50,1.0
28,209934,3,0,0,25,-1.0
42,384508,7,1506,0,50,-1.0
28,133625,9,0,0,40,-1.0
51,202752,9,0,0,40,-1.0
59,24384,9,0,0,40,-1.0
21,209067,9,0,0,40,-1.0
22,65225,6,0,0,40,-1.0
32,190577,13,0,0,40,-1.0
38,185330,10,0,0,25,-1.0
28,269246,7,0,0,40,-1.0
40,262872,13,0,0,40,-1.0
22,187052,7,0,0,30,-1.0
65,197883,6,0,0,70,-1.0
39,86143,3,0,0,40,-1.0
46,228620,7,0,0,40,-1.0
34,185063,10,0,0,45,1.0
62,125493,9,5178,0,40,1.0
36,227615,3,0,0,32,-1.0
50,27539,10,7688,0,40,1.0
49,207677,4,0,0,70,-1.0
25,217030,9,0,0,30,-1.0
40,475322,13,0,0,50,-1.0
26,89326,13,0,0,40,-1.0
78,82815,10,0,0,3,1.0
31,369648,12,0,0,50,1.0
63,168048,15,0,0,30,-1.0
23,229826,9,0,0,40,-1.0
24,72119,13,2202,0,30,-1.0
41,36999,14,0,0,75,1.0
52,230657,9,3781,0,40,-1.0
30,195576,10,3325,0,50,-1.0
61,80896,14,0,0,45,1.0
52,317032,9,0,0,50,1.0
37,231491,9,0,0,35,-1.0
38,179262,10,0,0,30,-1.0
44,165815,9,0,0,60,1.0
17,317702,6,0,0,15,-1.0
27,384308,10,0,0,45,-1.0
27,305647,12,0,0,40,1.0
37,162424,9,0,0,45,-1.0
84,388384,4,0,0,10,-1.0
30,115426,13,0,0,40,1.0
40,119101,10,0,1887,68,1.0
28,360527,10,0,0,45,-1.0
37,179468,9,0,0,40,-1.0
37,286146,9,0,0,40,-1.0
36,95462,13,0,0,40,-1.0
54,511668,16,0,1977,43,1.0
40,277488,9,0,0,84,-1.0
24,227594,10,0,0,20,-1.0
61,175032,9,0,0,40,-1.0
34,258675,9,0,0,40,-1.0
24,223367,7,0,0,40,-1.0
40,352612,6,0,0,40,-1.0
36,169426,9,7298,0,40,1.0
42,319016,9,2885,0,45,-1.0
43,99220,13,0,0,40,1.0
39,111275,9,0,0,40,-1.0
33,109959,10,0,0,25,-1.0
30,311913,9,0,0,40,1.0
36,179488,10,0,0,40,-1.0
45,60267,9,0,0,38,-1.0
28,148429,9,0,0,40,-1.0
30,169496,14,0,0,15,1.0
31,151053,10,5178,0,40,1.0
35,197719,10,0,0,40,-1.0
59,53304,13,0,0,50,1.0
21,140764,9,0,0,45,-1.0
21,214387,10,0,0,64,-1.0
48,70668,9,0,0,50,-1.0
25,195201,9,0,0,50,-1.0
46,216414,11,0,0,40,-1.0
29,144784,9,0,0,40,-1.0
27,278122,9,0,0,40,-1.0
34,62396,13,0,0,62,1.0
22,324922,9,0,0,50,-1.0
40,178983,9,0,0,30,1.0
44,159911,4,0,0,55,-1.0
33,289046,9,0,1741,40,-1.0
43,219307,5,0,0,40,-1.0
19,210308,10,0,0,15,-1.0
31,594187,9,0,0,40,-1.0
27,42696,9,0,0,40,-1.0
30,262994,10,0,0,40,-1.0
43,167298,9,0,0,40,-1.0
67,123393,7,0,0,40,-1.0
35,238802,9,0,0,50,-1.0
22,225156,9,0,0,40,-1.0
25,231714,10,0,0,40,-1.0
35,296478,10,0,0,40,-1.0
47,200808,8,0,0,35,-1.0
34,190228,13,0,1902,48,1.0
44,116358,13,0,0,40,1.0
41,99212,9,0,0,40,-1.0
28,183445,9,0,0,70,-1.0
21,304302,9,0,0,40,-1.0
35,243357,7,0,0,40,-1.0
44,90688,9,0,0,45,-1.0
29,59732,9,0,0,40,-1.0
32,172375,13,0,0,38,-1.0
46,695411,9,0,0,44,-1.0
45,139268,9,0,0,50,1.0
23,180837,9,0,0,40,-1.0
53,167651,9,0,0,40,1.0
46,261059,14,0,1977,50,1.0
47,337050,10,0,0,40,-1.0
33,169652,11,0,1669,55,-1.0
29,245790,6,0,0,80,-1.0
26,134004,10,0,0,40,-1.0
35,192923,9,0,2377,40,-1.0
33,283602,3,0,0,59,-1.0
28,42881,6,0,0,40,-1.0
25,124111,13,0,0,40,-1.0
21,214635,10,0,0,24,-1.0
24,184839,10,0,0,40,-1.0
50,269095,13,0,0,40,1.0
36,185099,9,0,0,70,1.0
23,142766,10,0,0,20,-1.0
48,145636,9,0,0,60,1.0
43,105188,9,0,0,40,-1.0
43,132393,9,0,0,40,-1.0
37,19899,9,15024,0,45,1.0
57,201991,13,0,0,40,-1.0
20,247794,9,0,0,84,-1.0
41,176452,9,0,0,40,-1.0
55,176904,9,0,0,40,-1.0
56,367984,11,15024,0,40,1.0
46,465974,7,0,0,30,-1.0
47,78529,13,0,0,60,1.0
24,250647,11,0,0,40,-1.0
48,254291,14,0,0,40,1.0
19,55284,9,0,0,25,-1.0
25,225193,13,0,0,40,-1.0
25,167031,10,0,0,25,-1.0
41,351350,10,0,0,40,-1.0
24,196269,7,0,0,40,-1.0
67,160456,7,0,0,40,-1.0
49,343742,6,0,0,32,-1.0
64,158412,9,0,0,40,-1.0
29,55390,12,0,0,45,-1.0
30,116666,14,0,0,50,1.0
41,168324,10,0,0,40,1.0
46,265097,9,0,0,5,-1.0
33,202822,4,0,0,14,-1.0
45,329603,16,0,0,40,1.0
51,213296,13,0,0,40,-1.0
48,149210,9,0,0,45,-1.0
21,306779,10,0,0,40,-1.0
41,271753,13,0,0,40,-1.0
45,236040,10,0,0,40,1.0
31,102130,14,0,0,45,-1.0
27,210498,10,0,0,80,-1.0
46,176552,7,0,0,40,1.0
23,248978,7,0,0,40,-1.0
38,379485,12,0,0,45,-1.0
39,184964,10,0,0,40,1.0
34,398988,13,0,0,40,-1.0
60,252413,10,0,0,32,1.0
58,216851,5,0,0,40,-1.0
50,269095,9,0,0,40,-1.0
19,100999,10,0,0,20,-1.0
28,45613,10,0,0,40,-1.0
27,165519,9,0,0,40,-1.0
34,429897,13,0,0,45,1.0
28,138692,10,0,0,50,-1.0
59,81973,14,0,0,40,1.0
46,187715,10,0,0,50,-1.0
32,123964,10,4386,0,50,-1.0
37,97136,10,0,0,40,-1.0
64,75577,4,2580,0,50,-1.0
43,136721,8,0,0,40,-1.0
44,340885,13,0,1977,40,1.0
26,188569,10,0,0,25,-1.0
50,343014,10,0,0,40,-1.0
31,29662,10,0,0,60,-1.0
43,190403,13,0,0,40,-1.0
22,48347,10,0,0,40,-1.0
44,278476,10,0,0,60,1.0
42,39060,9,0,0,60,1.0
59,314149,11,0,1740,50,-1.0
30,269723,9,0,0,40,-1.0
30,159589,13,7688,0,50,1.0
32,206541,11,0,0,45,1.0
33,177828,9,0,0,50,-1.0
45,180239,15,7688,0,40,1.0
50,213654,9,0,0,40,-1.0
41,230168,10,0,0,91,-1.0
39,115422,9,0,0,30,-1.0
38,320305,4,0,0,40,-1.0
60,160062,9,0,0,25,-1.0
23,91733,13,3325,0,40,-1.0
39,176634,12,0,0,40,-1.0
32,130040,9,0,0,40,-1.0
20,133515,10,0,0,15,-1.0
20,54152,10,0,0,35,-1.0
18,101709,7,0,0,15,-1.0
32,210541,13,0,0,30,-1.0
43,172364,9,0,0,48,-1.0
54,141663,9,0,0,15,-1.0
47,93449,9,0,0,60,-1.0
60,188650,3,0,0,40,1.0
51,177705,13,0,0,50,1.0
74,84197,14,0,0,10,-1.0
39,142897,11,0,0,50,-1.0
25,231638,10,0,0,24,-1.0
49,248895,9,0,0,45,-1.0
27,193868,9,0,0,50,-1.0
42,221172,9,0,0,40,-1.0
47,84790,10,0,0,40,-1.0
20,37482,10,0,0,40,-1.0
36,365739,9,0,0,40,-1.0
41,46870,10,0,0,40,-1.0
18,122775,9,0,0,35,-1.0
41,114580,15,0,2415,55,1.0
33,173806,14,0,0,30,-1.0
37,314963,10,0,0,40,-1.0
25,45474,13,0,0,60,-1.0
51,230095,11,0,0,40,-1.0
62,174711,9,0,0,32,-1.0
22,190903,7,0,0,20,-1.0
24,119156,9,0,0,50,-1.0
35,138441,9,0,0,35,-1.0
20,104443,10,0,0,20,-1.0
45,233799,2,0,0,40,-1.0
44,58124,13,0,0,45,-1.0
36,321733,13,0,1741,40,-1.0
47,606752,14,0,0,40,-1.0
36,34378,11,3908,0,75,-1.0
33,141490,9,0,0,45,-1.0
24,224954,10,0,0,40,-1.0
38,22245,11,0,0,40,-1.0
67,201657,13,0,0,60,-1.0
81,89391,15,0,0,24,1.0
44,370502,9,0,0,25,-1.0
27,176683,9,0,0,40,-1.0
41,44006,11,0,0,40,-1.0
60,119832,10,7298,0,40,1.0
58,212864,9,3908,0,40,-1.0
41,199018,15,0,0,40,1.0
39,177154,13,15024,0,50,1.0
28,213195,12,0,0,40,1.0
26,157028,14,0,0,55,1.0
61,141745,9,0,0,40,-1.0
17,206998,7,0,0,10,-1.0
34,155781,9,4064,0,50,-1.0
55,193895,4,0,0,40,-1.0
28,160981,10,0,0,52,-1.0
52,90189,4,0,0,16,-1.0
34,286675,9,0,0,40,-1.0
34,81223,9,0,0,48,-1.0
34,103371,11,0,0,40,-1.0
19,292583,9,0,0,30,-1.0
38,65706,10,0,0,38,-1.0
23,200967,9,0,0,10,-1.0
38,261382,10,0,0,40,-1.0
37,160910,9,0,0,40,-1.0
38,430035,5,0,0,54,-1.0
36,172538,14,0,0,40,-1.0
36,170376,9,0,0,45,1.0
33,141841,9,0,0,36,-1.0
44,308027,13,0,0,40,-1.0
28,419740,13,0,0,52,-1.0
20,211968,10,0,0,15,-1.0
35,108140,13,0,0,40,1.0
46,200734,10,0,0,35,-1.0
67,132626,10,0,0,6,-1.0
56,187873,14,0,0,40,-1.0
36,297847,9,0,2001,40,-1.0
71,322789,9,0,0,35,-1.0
17,116626,7,0,1719,18,-1.0
30,48458,10,0,0,40,-1.0
58,72812,6,0,0,40,-1.0
52,361875,10,0,0,50,-1.0
59,261584,13,0,0,40,-1.0
55,359972,13,0,1887,40,1.0
25,367306,10,0,0,40,-1.0
37,326400,9,0,0,30,-1.0
34,177733,5,0,0,35,-1.0
32,178623,12,0,0,46,-1.0
45,80430,9,0,0,40,-1.0
28,209205,13,0,0,60,1.0
37,89718,10,0,0,45,-1.0
23,236804,7,0,0,40,-1.0
20,289116,10,0,0,5,-1.0
23,314645,12,0,0,25,-1.0
50,89737,10,0,0,48,-1.0
43,214781,14,0,0,45,-1.0
56,170217,9,0,0,45,-1.0
23,256278,4,0,0,30,-1.0
18,285013,9,0,0,10,-1.0
34,28053,13,0,0,25,-1.0
34,242984,9,0,1887,45,1.0
24,154422,13,0,0,40,-1.0
19,355477,9,0,0,25,-1.0
29,201022,13,0,0,50,1.0
18,115815,9,0,0,20,-1.0
37,185567,9,0,0,40,1.0
28,129460,11,0,0,30,-1.0
21,110946,9,0,0,43,-1.0
29,368949,10,0,0,40,1.0
21,440969,9,0,0,40,-1.0
61,176689,9,0,0,40,-1.0
41,184466,14,0,0,38,1.0
47,207207,9,0,0,45,-1.0
33,80058,9,0,0,40,-1.0
31,48520,12,0,0,40,-1.0
46,154405,6,0,0,45,-1.0
28,275116,6,0,0,40,-1.0
61,103575,9,0,0,37,-1.0
17,48703,7,0,0,30,-1.0
31,168906,13,0,0,50,1.0
40,198096,9,0,0,40,1.0
32,167049,8,0,0,40,-1.0
40,176286,9,0,0,40,-1.0
20,200089,3,0,0,30,-1.0
38,175441,9,0,0,40,-1.0
57,300104,9,0,0,84,1.0
38,226357,9,0,0,40,-1.0
40,104892,13,0,0,40,-1.0
44,223194,9,0,1485,40,-1.0
18,237646,10,0,0,30,-1.0
41,29702,11,0,0,30,-1.0
21,157893,9,0,0,40,-1.0
18,128538,7,0,0,25,-1.0
35,412379,9,0,0,40,-1.0
35,64922,13,7688,0,50,1.0
36,150548,9,0,0,30,-1.0
18,138557,7,0,0,40,-1.0
23,436798,10,0,0,40,-1.0
24,29302,10,0,0,40,-1.0
50,205100,4,0,0,35,-1.0
44,155472,12,1151,0,50,-1.0
25,166971,9,0,0,52,-1.0
33,190772,9,0,1617,40,-1.0
47,162494,10,0,0,45,1.0
37,29145,11,0,0,40,-1.0
35,187167,9,0,0,35,-1.0
31,224234,9,0,0,40,-1.0
21,187088,10,0,0,20,-1.0
60,174073,9,0,0,40,-1.0
41,111772,12,0,1887,40,1.0
58,236596,10,0,0,40,1.0
27,103524,9,0,0,40,-1.0
28,175796,12,0,0,40,-1.0
57,50248,10,0,0,40,-1.0
43,188280,14,914,0,40,-1.0
17,79682,6,0,0,30,-1.0
54,144586,10,0,0,40,1.0
54,174102,13,0,0,40,1.0
33,65278,13,0,0,40,1.0
46,169324,9,0,0,45,-1.0
46,117310,12,6497,0,40,-1.0
51,138514,11,0,0,48,-1.0
20,303565,10,0,0,40,-1.0
30,127610,13,0,0,35,-1.0
29,258862,13,0,0,45,-1.0
24,136687,9,0,0,40,-1.0
34,244064,9,0,0,40,-1.0
18,205218,7,0,0,20,-1.0
48,120131,9,0,0,70,1.0
34,220840,3,0,0,40,-1.0
29,304595,14,0,0,50,1.0
47,187087,13,0,0,40,1.0
29,57889,13,0,0,45,1.0
43,170730,13,0,1977,50,1.0
37,208106,13,0,0,35,-1.0
33,256062,10,0,0,35,-1.0
52,153312,12,0,0,40,1.0
26,226196,9,0,0,40,-1.0
44,202872,12,0,0,40,1.0
17,41643,7,0,0,15,-1.0
52,202115,9,0,0,25,-1.0
27,247978,9,0,0,40,-1.0
25,214925,6,0,0,40,-1.0
18,56613,10,0,0,20,-1.0
49,34545,10,0,1887,40,1.0
31,236487,13,0,0,40,-1.0
23,197200,13,0,0,60,-1.0
75,98116,10,0,0,40,1.0
41,170299,11,0,0,43,-1.0
19,230874,10,0,0,40,-1.0
60,142494,6,0,0,40,-1.0
47,107231,12,0,1672,65,-1.0
53,155233,8,0,0,40,-1.0
22,344176,9,0,0,20,-1.0
39,284166,9,0,1564,50,1.0
49,122206,11,0,0,25,-1.0
25,27678,10,0,0,60,-1.0
30,258170,9,0,0,40,-1.0
29,242147,9,0,0,45,-1.0
29,123677,9,0,0,40,-1.0
38,325538,15,0,0,50,1.0
53,251063,10,0,0,40,-1.0
64,271550,10,0,0,40,1.0
41,252127,10,0,0,20,-1.0
27,365110,13,0,0,20,-1.0
67,34122,3,0,0,40,-1.0
50,231725,9,0,0,40,-1.0
41,126850,15,0,0,40,-1.0
31,20511,13,0,0,25,-1.0
87,90338,9,0,0,2,-1.0
55,143949,14,3103,0,45,1.0
48,191389,10,0,0,50,-1.0
20,224640,12,0,0,40,-1.0
31,298871,16,0,0,40,-1.0
38,186191,9,0,0,55,-1.0
21,253583,9,0,0,40,-1.0
54,204397,10,0,0,50,-1.0
28,33662,14,7298,0,40,1.0
42,163069,10,0,0,40,-1.0
57,413373,16,0,1902,40,1.0
36,107302,9,0,0,50,-1.0
40,208277,10,0,0,40,-1.0
49,343231,14,0,0,80,-1.0
36,138441,10,0,0,40,-1.0
74,161387,9,0,0,16,-1.0
61,260167,9,0,0,40,-1.0
27,200928,10,0,0,22,-1.0
32,46691,13,0,0,40,-1.0
45,156117,11,0,0,32,-1.0
36,749636,10,0,0,40,-1.0
43,169628,13,0,0,35,1.0
50,176157,14,0,0,50,1.0
22,349368,13,0,0,30,-1.0
44,89172,13,0,0,50,1.0
37,213726,9,0,0,40,-1.0
64,60940,9,8614,0,50,1.0
36,141420,13,0,0,30,-1.0
62,254534,10,0,0,40,-1.0
31,204752,13,0,0,50,-1.0
41,291965,10,0,0,40,-1.0
58,294313,10,0,0,55,-1.0
34,231826,9,0,0,40,-1.0
55,125000,9,0,0,40,1.0
18,200525,7,0,0,25,-1.0
42,262402,13,0,0,40,-1.0
33,199046,13,0,0,40,-1.0
48,313925,12,0,0,30,1.0
24,103064,9,0,0,55,-1.0
24,186495,9,0,0,32,-1.0
37,103121,13,0,1848,40,1.0
37,338320,14,0,0,60,-1.0
43,62026,15,99999,0,40,1.0
39,358753,11,7688,0,40,1.0
22,228411,10,0,0,35,-1.0
46,250821,15,15024,0,40,1.0
19,251579,10,0,0,14,-1.0
52,89951,8,0,0,40,1.0
22,203894,10,0,0,15,-1.0
51,231230,13,0,0,25,-1.0
18,41973,7,0,0,5,-1.0
21,211968,10,0,1762,28,-1.0
53,36327,9,0,0,40,1.0
26,107827,9,0,0,25,-1.0
56,317847,13,0,0,40,-1.0
44,52028,2,0,0,40,-1.0
32,206609,13,0,0,60,1.0
33,60567,9,3411,0,40,-1.0
57,50990,9,0,0,30,-1.0
36,345712,9,0,0,40,-1.0
29,241431,9,0,0,45,-1.0
62,263374,11,0,0,40,-1.0
44,38434,14,0,0,40,-1.0
52,154521,9,0,0,44,1.0
42,101593,13,0,0,42,-1.0
23,267471,8,0,0,25,-1.0
19,127491,9,0,0,40,-1.0
23,122272,10,0,0,20,-1.0
51,172493,10,0,0,12,-1.0
41,160785,9,0,0,40,-1.0
23,203078,10,0,0,40,-1.0
68,274096,6,0,0,20,-1.0
19,693066,8,0,0,15,-1.0
53,539864,10,0,0,20,-1.0
44,38434,13,0,0,40,1.0
37,103925,13,0,0,50,-1.0
41,182108,16,0,0,40,1.0
51,28765,15,0,0,60,1.0
62,159908,10,0,0,16,-1.0
42,204235,9,0,0,40,-1.0
44,297991,12,0,0,50,-1.0
50,92811,13,0,0,40,-1.0
36,43712,6,0,0,40,-1.0
22,195532,10,0,0,43,-1.0
32,188246,9,0,0,40,-1.0
28,330466,13,0,0,40,-1.0
26,233777,9,0,0,72,-1.0
32,172415,9,0,0,40,-1.0
28,119793,9,0,0,40,-1.0
36,184655,6,0,0,48,-1.0
40,306225,9,0,0,40,-1.0
59,23789,9,0,0,40,1.0
18,200047,8,0,0,35,-1.0
35,379959,9,0,0,40,-1.0
30,205152,13,0,0,40,-1.0
57,65080,9,0,0,50,1.0
26,48280,13,0,0,40,-1.0
23,180771,2,0,0,35,-1.0
51,101432,9,0,0,40,-1.0
61,137554,4,0,0,40,-1.0
62,128092,9,0,0,32,-1.0
28,113987,9,0,0,40,-1.0
18,436163,7,0,0,20,-1.0
30,77266,9,0,0,55,-1.0
26,191648,12,0,0,15,-1.0
22,203715,10,0,0,40,-1.0
72,129912,9,0,0,25,-1.0
